,Gle_Trend_Brid_Flu,Wiki_Page_View_Eggs_Substitutes,Gle_Trend_Chicken_Feed_Price,Gle_Trend_Eggs_Prices,Gle_Trend_Eggs_Shortage,Wiki_Page_View_Bird_Flu,Wiki_Page_View_Price_of_Eggs,GDelt_Article_Count_seach_term_food_agri_livestock_infla_commo_supplychain,GDelt_Sentiment_seach_term_food_agri_livestock_infla_commo_supplychain,Rate_of_Lay_Eggs_100_Layer,Chicks_Hatched,Corn_Price_Received,"Average Price: Malt Beverages, All Types, All Sizes, Any Origin (Cost per 16 Ounces/473.2 Milliliters) in U.S. City Average","Average Price: Wine, Red and White Table, All Sizes, Any Origin (Cost per 1 Liter/33.8 Ounces) in U.S. City Average",Average Price: All Uncooked Beef Roasts (Cost per Pound/453.6 Grams) in U.S. City Average,Average Price: All Uncooked Beef Steaks (Cost per Pound/453.6 Grams) in U.S. City Average,Average Price: All Uncooked Other Beef (Excluding Veal) (Cost per Pound/453.6 Grams) in U.S. City Average,Average Price: All Uncooked Ground Beef (Cost per Pound/453.6 Grams) in U.S. City Average,"Average Price: Chuck Roast, USDA Choice, Boneless (Cost per Pound/453.6 Grams) in U.S. City Average","Average Price: Ground Beef, 100% Beef (Cost per Pound/453.6 Grams) in U.S. City Average","Average Price: Ground Beef, Lean and Extra Lean (Cost per Pound/453.6 Grams) in U.S. City Average","Average Price: Ground Chuck, 100% Beef (Cost per Pound/453.6 Grams) in U.S. City Average","Average Price: Round Roast, USDA Choice, Boneless (Cost per Pound/453.6 Grams) in U.S. City Average","Average Price: Steak, Round, USDA Choice, Boneless (Cost per Pound/453.6 Grams) in U.S. City Average","Average Price: Steak, Sirloin, USDA Choice, Boneless (Cost per Pound/453.6 Grams) in U.S. City Average","Average Price: Bread, White, Pan (Cost per Pound/453.6 Grams) in U.S. City Average","Average Price: Bread, Whole Wheat, Pan (Cost per Pound/453.6 Grams) in U.S. City Average","Average Price: Cookies, Chocolate Chip (Cost per Pound/453.6 Grams) in U.S. City Average","Average Price: Flour, White, All Purpose (Cost per Pound/453.6 Grams) in U.S. City Average","Average Price: Rice, White, Long Grain, Uncooked (Cost per Pound/453.6 Grams) in U.S. City Average",Average Price: Spaghetti and Macaroni (Cost per Pound/453.6 Grams) in U.S. City Average,Average Price: American Processed Cheese (Cost per Pound/453.6 Grams) in U.S. City Average,"Average Price: Cheddar Cheese, Natural (Cost per Pound/453.6 Grams) in U.S. City Average","Average Price: Ice Cream, Prepackaged, Bulk, Regular, per One-Half Gallon (1.9 Liters) in U.S. City Average","Average Price: Milk, Fresh, Whole, Fortified (Cost per Gallon/3.8 Liters) in U.S. City Average",Average Price: Bananas (Cost per Pound/453.6 Grams) in U.S. City Average,"Average Price: Potatoes, White (Cost per Pound/453.6 Grams) in U.S. City Average","Average Price: Strawberries, Dry Pint (Cost per 12 Ounces/340.2 Grams) in U.S. City Average","Average Price: Tomatoes, Field Grown (Cost per Pound/453.6 Grams) in U.S. City Average",Average Price: Potato Chips (Cost per 16 Ounces) in U.S. City Average,"Average Price: Sugar, White, All Sizes (Cost per Pound/453.6 Grams) in U.S. City Average",Average Price: All Ham (Excluding Canned Ham and Luncheon Slices) (Cost per Pound/453.6 Grams) in U.S. City Average,Average Price: All Other Pork (Excluding Canned Ham and Luncheon Slices) (Cost per Pound/453.6 Grams) in U.S. City Average,Average Price: All Pork Chops (Cost per Pound/453.6 Grams) in U.S. City Average,"Average Price: Bacon, Sliced (Cost per Pound/453.6 Grams) in U.S. City Average","Average Price: Chops, Boneless (Cost per Pound/453.6 Grams) in U.S. City Average","Average Price: Chops, Center Cut, Bone-In (Cost per Pound/453.6 Grams) in U.S. City Average","Average Price: Ham, Boneless, Excluding Canned (Cost per Pound/453.6 Grams) in U.S. City Average","Average Price: Chicken Breast, Boneless (Cost per Pound/453.6 Grams) in U.S. City Average","Average Price: Chicken Legs, Bone-In (Cost per Pound/453.6 Grams) in U.S. City Average","Average Price: Chicken, Fresh, Whole (Cost per Pound/453.6 Grams) in U.S. City Average","Average Price: Eggs, Grade A, Large (Cost per Dozen) in U.S. City Average","Average Price: Beans, Dried, Any Type, All Sizes (Cost per Pound/453.6 Grams) in U.S. City Average","Average Price: Orange Juice, Frozen Concentrate, 12 Ounce Can (Cost per 16 Ounces/473.2 Milliliters) in U.S. City Average",Global price of Soybean Meal,Global price of Corn,Global price of Wheat,Global price of Barley,Global price of Rapeseed Oil,Global price of Poultry,Producer Price Index by Commodity: Farm Products: Oats,Personal consumption expenditures: Food,Personal Consumption Expenditures: Durable Goods,Personal Consumption Expenditures: Services,Personal Consumption Expenditures: Nondurable Goods,Year
2012-01-01,2.0,,0.0,4.0,0.0,,,,,2.32,41290000.0,6.07,1.207,8.469,4.694,6.124,3.874,3.6,4.559,3.005,3.884,3.292,4.673,4.843,6.401,1.423,1.984,3.64,0.528,0.739,1.317,4.396,5.717,5.29,3.583,0.604,0.676,2.225,1.542,4.995,0.717,2.511,2.683,3.592,4.571,4.001,3.85,3.645,3.145,1.585,1.334,1.939,1.431,2.753,347.6028484954,272.920145535714,243.702369166667,210.473044492436,1253.12027727273,90.3712121212121,171.2,836.7,1130.4,7296.4,2470.0,2012.0
2012-02-01,2.0,,0.0,4.0,0.0,,,,,2.14,40523000.0,6.28,1.3,11.222,4.676,6.033,3.76,3.621,4.513,2.947,3.922,3.294,4.7,4.78,6.405,1.442,2.044,3.778,0.528,0.718,1.311,4.262,5.598,5.03,3.52,0.603,0.673,2.041,1.433,5.091,0.714,2.501,2.627,3.529,4.655,4.013,3.734,3.729,3.113,1.515,1.356,1.798,1.436,2.769,364.4902577646,279.514321428571,245.9804765,213.464147356999,1297.2055047619,91.1984126984127,182.1,837.9,1145.9,7340.0,2501.3,2012.0
2012-03-01,1.0,,0.0,5.0,0.0,,,,,2.315,43101000.0,6.35,1.213,8.599,4.665,6.079,3.793,3.664,4.445,3.016,3.969,3.366,4.688,4.813,6.531,1.395,2.056,3.483,0.519,0.7,1.271,4.316,5.659,5.09,3.499,0.607,0.68,1.893,1.452,5.087,0.711,2.603,2.652,3.522,4.6,3.977,3.709,3.735,3.183,1.643,1.372,1.774,1.445,2.782,405.234690085773,280.715051964286,243.493598333333,222.683762904625,1288.75260454545,92.7651515151515,185.0,842.8,1138.0,7355.4,2500.5,2012.0
2012-04-01,1.0,,0.0,6.0,0.0,,,,,2.235,43202000.0,6.34,1.287,11.181,4.68,6.208,3.712,3.663,4.354,2.998,3.966,3.327,4.743,4.901,6.519,1.426,2.019,3.841,0.515,0.696,1.316,4.252,5.628,5.206,3.474,0.603,0.69,1.807,1.388,5.01,0.704,2.589,2.662,3.498,4.533,3.993,3.724,3.674,3.173,1.594,1.401,1.829,1.451,2.781,440.6158768332,274.219296607143,228.086310833333,237.274389897531,1304.06315238095,93.2579365079365,191.5,845.1,1137.4,7380.5,2500.7,2012.0
2012-05-01,1.0,,0.0,8.0,0.0,,,,,2.298,44564000.0,6.34,1.206,8.854,4.725,6.295,3.807,3.693,4.352,2.995,4.037,3.379,4.676,4.867,6.42,1.412,2.027,3.689,0.513,0.677,1.344,4.218,5.568,5.048,3.427,0.599,0.675,1.653,1.336,5.2,0.696,2.588,2.609,3.521,4.385,3.903,3.761,3.698,3.123,1.588,1.347,1.691,1.426,2.642,459.418301478227,268.884903571429,228.87964,236.984738878733,1236.62266521739,94.0760869565217,191.4,845.5,1133.4,7386.8,2486.6,2012.0
2012-06-01,1.0,,0.0,9.0,0.0,,,,,2.229,38829000.0,6.37,1.281,12.188,4.697,6.378,3.904,3.715,4.188,3.007,4.052,3.448,4.707,4.801,6.817,1.403,1.935,3.729,0.519,0.681,1.332,4.03,5.475,4.896,3.396,0.605,0.676,1.706,1.492,5.264,0.684,2.645,2.622,3.52,4.326,3.968,3.662,3.735,3.195,1.612,1.39,1.67,1.444,2.639,464.015321393762,267.328921768707,241.965793492064,228.299188003509,1182.6853047619,94.5,182.9,845.6,1129.9,7398.8,2461.2,2012.0
2012-07-01,1.0,,0.0,8.0,0.0,,,,,2.307,35968000.0,7.14,1.195,9.014,4.671,6.328,3.847,3.747,4.301,3.085,4.118,3.449,4.872,4.843,6.904,1.427,1.974,3.64,0.516,0.681,1.369,4.052,5.457,4.929,3.428,0.604,0.672,1.594,1.506,5.029,0.692,2.681,2.638,3.562,4.365,3.939,3.787,3.737,3.36,1.61,1.454,1.648,1.433,2.643,552.536168688238,332.99885255102,310.746438095238,239.179160442062,1209.43215,94.7215909090909,209.9,848.1,1134.7,7421.8,2460.3,2012.0
2012-08-01,1.0,,0.0,6.0,1.0,,,,,2.326,42269000.0,7.63,1.288,11.764,4.661,6.262,3.846,3.766,4.197,2.991,4.197,3.447,4.85,4.81,6.718,1.407,1.905,3.374,0.531,0.683,1.361,4.085,5.493,4.846,3.474,0.595,0.652,1.709,1.44,4.851,0.685,2.849,2.651,3.586,4.609,4.037,3.825,3.723,3.368,1.584,1.433,1.884,1.433,2.625,585.753852160391,332.233495341615,315.548219130435,260.631688859987,1221.66654782609,95.0217391304348,185.7,845.8,1138.4,7419.1,2498.5,2012.0
2012-09-01,1.0,,0.0,5.0,1.0,,,,,2.242,38319000.0,6.89,1.204,9.006,4.594,6.315,3.789,3.754,4.197,3.024,4.122,3.482,4.674,4.728,6.771,1.401,1.982,3.346,0.528,0.684,1.319,4.127,5.575,4.893,3.469,0.597,0.645,1.936,1.384,4.785,0.685,2.852,2.535,3.507,4.692,3.883,3.794,3.784,3.117,1.492,1.455,1.889,1.422,2.61,559.556427509895,320.705905639098,316.653051578947,260.203038126986,1267.898245,95.6458333333333,200.5,848.2,1151.9,7441.8,2511.6,2012.0
2012-10-01,1.0,,0.0,4.0,0.0,,,,,2.322,37901000.0,6.78,1.295,11.796,4.782,6.295,3.855,3.759,4.505,3.0995,4.115,3.514,4.818,4.669,6.749,1.422,2.014,3.595,0.509,0.685,1.281,4.093,5.635,5.128,3.524,0.602,0.625,2.015,1.443,4.938,0.68,2.825,2.599,3.537,4.661,3.918,3.655,3.728,3.428,1.464,1.53,1.96,1.45,2.652,519.907525690435,321.382417321428,318.407834927536,253.434691789526,1216.49266956522,95.8405797101449,209.8,853.1,1141.2,7471.9,2524.4,2012.0
2012-11-01,1.0,,0.0,5.0,0.0,,,,,2.276,36492000.0,7.01,1.252,9.751,4.76,6.31,3.825,3.802,4.567,3.175,4.175,3.46,4.754,4.77,6.799,1.418,1.991,3.755,0.497,0.704,1.326,4.188,5.833,5.036,3.536,0.6,0.625,2.455,1.469,4.868,0.679,2.719,2.593,3.528,4.64,4.004,3.69,3.783,3.412,1.6,1.512,1.963,1.427,2.595,490.59677126919,321.596870488722,319.459936190476,249.678910327347,1199.95621818182,96.6212121212121,204.7,852.3,1169.4,7499.1,2509.9,2012.0
2012-12-01,1.0,,0.0,6.0,0.0,,,,,2.347,40985000.0,6.87,1.305,11.459,4.741,6.301,3.947,3.82,4.542,3.08,4.213,3.464,4.7,4.701,6.781,1.436,1.925,3.617,0.5,0.714,1.312,4.237,5.867,5.102,3.58,0.606,0.621,2.876,1.594,4.713,0.682,2.666,2.491,3.465,4.639,3.943,3.572,3.736,3.267,1.651,1.482,2.007,1.442,2.604,489.68526479785,308.75040056391,303.038556140351,250.687346638095,1191.08074714286,97.6785714285714,213.4,853.3,1180.1,7503.9,2497.2,2012.0
2013-01-01,1.0,,0.0,4.0,0.0,,,,,2.327,43831000.0,6.96,1.259,9.822,4.681,6.408,3.942,3.841,4.537,3.407,4.709,3.406,4.825,4.983,6.975,1.422,2.078,3.728,0.524,0.715,1.276,4.258,5.832,5.263,3.526,0.609,0.627,2.152,1.545,4.793,0.683,2.693,2.497,3.465,4.722,3.917,3.576,3.741,3.381,1.583,1.497,1.933,1.434,2.511,456.813554168429,303.36021122449,288.210322539683,238.811351230991,1208.0832,99.0905797101449,209.2,857.0,1193.1,7515.8,2543.4,2013.0
2013-02-01,1.0,,0.0,4.0,0.0,,,,,2.09,42236000.0,7.04,1.315,11.534,4.716,6.363,3.932,3.814,4.57,3.379,4.705,3.408,4.635,4.899,7.078,1.411,2.025,3.625,0.524,0.708,1.348,4.238,5.936,5.184,3.48,0.611,0.636,1.895,1.497,4.878,0.668,2.633,2.533,3.571,4.831,4.018,3.726,3.712,3.278,1.625,1.456,1.965,1.421,2.487,469.155296812947,302.61034047619,271.678588703704,238.283567478495,1217.642295,100.208333333333,215.8,865.7,1194.2,7534.6,2561.7,2013.0
2013-03-01,1.0,,0.0,5.0,0.0,,,,,2.326,43584000.0,7.13,1.266,9.933,4.748,6.267,3.891,3.839,4.747,3.332,4.873,3.417,4.605,4.961,6.928,1.412,2.024,3.774,0.499,0.714,1.323,4.207,5.736,5.089,3.431,0.609,0.611,1.991,1.493,4.97,0.65,2.777,2.494,3.53,4.909,3.957,3.651,3.74,3.226,1.525,1.471,1.925,1.408,2.484,467.9531973212,309.579205075188,263.341859,235.111153022865,1162.42271523809,101.472222222222,224.0,862.8,1181.9,7572.4,2535.8,2013.0
2013-04-01,10.0,,0.0,5.0,0.0,,,,,2.26,46031000.0,6.97,1.317,11.624,4.689,6.232,3.92,3.823,4.633,3.268,4.811,3.479,4.551,4.818,6.864,1.409,2.046,3.729,0.522,0.724,1.286,4.131,5.635,5.093,3.428,0.597,0.619,1.784,1.46,4.811,0.656,2.69,2.496,3.489,4.887,3.9,3.655,3.8,3.266,1.538,1.473,1.918,1.391,2.555,446.360922960682,279.764846428571,264.170261666667,228.17016398464,1130.70445227273,102.617424242424,213.6,858.9,1184.1,7584.8,2512.2,2013.0
2013-05-01,3.0,,21.0,7.0,0.0,,,,,2.33,50154000.0,6.97,1.263,10.015,4.707,6.369,4.079,3.75,4.475,3.311,4.861,3.461,4.601,4.804,6.791,1.401,2.071,3.428,0.53,0.702,1.371,4.065,5.559,4.831,3.441,0.603,0.636,1.647,1.454,4.51,0.664,2.743,2.447,3.552,5.092,4.058,3.631,3.944,3.429,1.609,1.466,1.87,1.389,2.606,476.744631069045,295.368975,276.045146666667,226.886786485421,1117.66320304348,104.163043478261,218.2,865.5,1189.3,7605.4,2526.9,2013.0
2013-06-01,1.0,,0.0,9.0,0.0,,,,,2.249,42252000.0,6.97,1.301,11.2,4.796,6.422,4.128,3.757,4.554,3.382,4.805,3.403,4.612,4.853,6.827,1.439,2.057,3.721,0.533,0.723,1.304,4.085,5.493,5.005,3.458,0.603,0.646,1.686,1.47,4.507,0.644,2.869,2.474,3.388,5.334,3.801,3.502,4.111,3.525,1.649,1.509,1.859,1.4,2.512,503.56336419075,297.111913214286,266.850879166667,223.633556690835,1115.861602,105.541666666667,225.1,866.2,1189.5,7625.3,2529.7,2013.0
2013-07-01,1.0,,22.0,7.0,0.0,,,,,2.314,39936000.0,6.79,1.237,9.898,4.866,6.425,4.096,3.79,4.521,3.459,4.801,3.423,4.674,4.856,6.68,1.434,2.056,3.63,0.53,0.721,1.314,4.092,5.434,4.84,3.449,0.602,0.704,1.691,1.43,4.688,0.641,2.837,2.533,3.508,5.494,3.973,3.637,4.065,3.55,1.65,1.484,1.833,1.418,2.54,528.337810883,279.013271428571,257.472893333333,213.456044681572,1003.37275,106.409420289855,212.5,872.2,1193.6,7629.7,2549.3,2013.0
2013-08-01,1.0,,0.0,5.0,0.0,,,,,2.331,38794000.0,6.21,1.291,11.257,4.876,6.34,4.057,3.829,4.657,3.454,4.889,3.511,4.748,4.955,6.604,1.408,2.036,3.451,0.529,0.737,1.296,4.135,5.465,5.034,3.448,0.595,0.756,1.917,1.509,4.577,0.644,2.906,2.549,3.534,5.618,3.983,3.584,4.169,3.599,1.65,1.489,1.838,1.429,2.539,470.987559727273,234.938766071429,258.925938333333,187.159745140732,991.211665454545,106.5,207.3,873.4,1190.8,7665.5,2550.2,2013.0
2013-09-01,1.0,,0.0,4.0,0.0,,,,,2.274,42166000.0,5.4,1.236,9.891,4.833,6.399,3.967,3.823,4.542,3.502,4.78,3.445,4.661,4.874,6.808,1.419,2.011,3.599,0.522,0.741,1.3,4.137,5.433,4.795,3.428,0.601,0.746,2.132,1.566,4.528,0.633,2.921,2.501,3.609,5.68,3.99,3.801,4.175,3.608,1.658,1.528,1.897,1.424,2.518,490.19232800045,207.490173392857,257.499616,168.809159551842,985.022421904762,106.198412698413,189.5,877.3,1191.4,7694.0,2560.5,2013.0
2013-10-01,1.0,,0.0,4.0,0.0,,,,,2.352,42506000.0,4.63,1.31,11.05,4.821,6.363,3.934,3.823,4.619,3.389,5.018,3.492,4.661,4.709,6.82,1.358,1.976,3.69,0.516,0.734,1.283,4.088,5.39,4.945,3.462,0.586,0.688,2.316,1.633,4.576,0.628,2.947,2.599,3.58,5.708,3.997,3.693,4.167,3.652,1.683,1.543,1.925,1.411,2.54,460.828432132304,201.779992857143,278.149556666667,153.68738034598,1009.27474478261,105.277777777778,191.5,877.8,1194.6,7737.4,2566.0,2013.0
2013-11-01,1.0,,0.0,5.0,0.0,,,,,2.283,41845000.0,4.37,1.239,10.511,4.887,6.326,4.132,3.887,4.739,3.477,5.022,3.61,4.609,4.822,6.803,1.382,2.045,3.781,0.517,0.729,1.294,4.317,5.391,4.885,3.491,0.587,0.675,2.5,1.7,4.601,0.615,2.805,2.61,3.681,5.615,3.947,3.823,4.097,3.45,1.578,1.518,1.925,1.46,2.443,461.65348818455,199.182444172932,259.777723333333,149.014065610858,1021.48707095238,104.664682539683,199.3,880.9,1205.3,7779.3,2577.9,2013.0
2013-12-01,1.0,,0.0,5.0,1.0,,,,,2.355,41144000.0,4.41,1.331,11.906,4.905,6.344,4.168,3.895,4.716,3.46,5.057,3.585,4.63,5.006,6.776,1.385,2.076,3.492,0.513,0.735,1.263,4.345,5.386,4.975,3.501,0.592,0.667,2.865,1.727,4.536,0.592,2.725,2.618,3.731,5.544,3.952,3.921,4.062,3.46,1.591,1.52,2.026,1.452,2.431,495.000767407714,197.553448639456,246.112578730159,146.968491154923,1007.59678954545,104.25,205.5,888.9,1193.7,7808.2,2591.3,2013.0
2014-01-01,2.0,,0.0,4.0,1.0,,,,,2.336,44345000.0,4.42,1.254,10.622,4.827,6.339,4.205,3.897,4.534,3.467,5.021,3.586,4.641,5.033,6.773,1.365,2.073,3.279,0.543,0.731,1.29,4.286,5.381,5.022,3.552,0.595,0.688,2.639,1.702,4.411,0.628,2.794,2.593,3.723,5.563,4.021,3.831,4.109,3.427,1.536,1.529,2.008,1.468,2.414,473.747155530619,198.771988605442,229.980359365079,148.770505529138,951.764827826087,104.394927536232,221.4,891.3,1177.5,7811.9,2589.4,2014.0
2014-02-01,1.0,,0.0,4.0,1.0,,,,,2.105,41269000.0,4.35,1.333,12.152,5.221,6.556,4.278,4.038,4.94,3.555,5.189,3.733,5.046,5.284,6.966,1.388,2.068,3.329,0.555,0.732,1.265,4.286,5.543,4.979,3.561,0.599,0.684,2.112,1.672,4.411,0.615,2.825,2.607,3.659,5.461,4.097,3.669,4.11,3.384,1.579,1.504,1.998,1.487,2.43,499.358626706947,209.356019548872,242.798281578947,147.793780792234,974.823446,104.5,225.5,893.9,1208.9,7817.2,2610.8,2014.0
2014-03-01,1.0,,26.0,5.0,1.0,,,,,2.342,44801000.0,4.52,1.247,10.747,5.231,6.726,4.337,4.134,4.944,3.698,5.273,3.745,4.983,5.295,7.046,1.359,2.064,3.424,0.551,0.733,1.307,4.46,5.579,4.842,3.669,0.597,0.678,1.771,1.632,4.538,0.604,2.934,2.704,3.824,5.552,4.089,4.095,4.208,3.468,1.554,1.544,2.061,1.48,2.457,506.69051639519,222.392917176871,275.612493968254,145.984004107188,1014.2595647619,105.234126984127,226.9,895.6,1236.3,7877.9,2608.1,2014.0
2014-04-01,1.0,,0.0,6.0,0.0,,,,,2.274,46384000.0,4.71,1.331,12.303,5.374,6.974,4.433,4.226,5.073,3.808,5.423,3.886,5.16,5.522,7.356,1.388,2.092,3.579,0.547,0.75,1.241,4.535,5.733,5.011,3.687,0.597,0.672,1.713,1.622,4.419,0.599,2.847,2.904,4.044,5.69,4.363,4.2,4.131,3.392,1.538,1.53,2.119,1.481,2.426,533.634154272476,222.430410714286,276.382361269841,148.665442133757,1008.34933954545,107.090909090909,232.1,899.8,1234.7,7888.6,2639.0,2014.0
2014-05-01,1.0,,0.0,8.0,0.0,,,,,2.339,49684000.0,4.71,1.239,10.996,5.339,6.941,4.438,4.213,5.014,3.856,5.356,3.849,5.166,5.629,7.588,1.401,2.016,3.391,0.532,0.739,1.301,4.515,5.586,4.911,3.735,0.603,0.678,1.892,1.629,4.372,0.607,2.976,2.963,4.106,6.048,4.444,4.308,4.198,3.474,1.559,1.556,1.996,1.457,2.571,542.778089044,216.975101020408,287.912873809524,159.627545836478,948.998573181818,108.689393939394,220.0,904.0,1243.5,7927.5,2636.3,2014.0
2014-06-01,1.0,,34.0,9.0,0.0,,,,,2.266,44271000.0,4.5,1.342,12.082,5.299,6.974,4.245,4.237,5.1,3.88,5.484,3.907,5.004,5.495,7.689,1.4,2.027,3.324,0.532,0.742,1.267,4.412,5.56,4.691,3.626,0.607,0.685,1.838,1.675,4.35,0.61,3.02,3.054,4.024,6.106,4.404,4.165,4.275,3.504,1.548,1.503,1.948,1.476,2.51,519.272612633619,202.633822959184,261.649900634921,150.747231546918,932.074471904762,110.869047619048,247.0,911.1,1254.5,7957.7,2649.5,2014.0
2014-07-01,1.0,,0.0,7.0,0.0,,,,,2.356,42489000.0,4.06,1.191,10.961,5.366,7.001,4.337,4.224,5.133,3.884,5.408,3.917,5.187,5.577,7.87,1.413,2.02,3.456,0.527,0.758,1.324,4.426,5.56,4.719,3.645,0.606,0.696,1.868,1.633,4.308,0.596,3.125,3.102,4.005,6.009,4.387,4.27,4.371,3.444,1.553,1.495,1.95,1.477,2.547,451.020693498409,182.29451625,238.549905,132.021483276307,880.603739565218,112.528985507246,208.7,913.1,1253.8,7990.1,2660.5,2014.0
2014-08-01,1.0,,28.0,6.0,0.0,,,,,2.348,39731000.0,3.63,1.345,12.402,5.711,7.363,4.471,4.357,5.472,4.013,5.623,4.024,5.505,5.826,8.25,1.396,2.072,3.375,0.531,0.737,1.375,4.482,5.58,4.751,3.673,0.608,0.689,1.968,1.544,4.437,0.599,3.281,3.141,4.172,6.068,4.527,4.353,4.503,3.476,1.564,1.572,1.979,1.472,2.547,447.821843339714,176.482080612245,229.158001111111,118.634736276855,848.766658095238,112.789682539683,210.6,917.2,1264.0,8049.5,2670.1,2014.0
2014-09-01,1.0,,22.0,5.0,0.0,,,,,2.263,43671000.0,3.49,1.189,10.757,5.738,7.397,4.612,4.504,5.519,4.096,5.828,4.201,5.584,6.026,8.233,1.405,2.065,3.333,0.513,0.746,1.35,4.45,5.565,4.987,3.732,0.606,0.671,2.578,1.546,4.357,0.608,3.389,3.148,4.173,5.953,4.5,4.414,4.629,3.481,1.575,1.543,1.97,1.496,2.566,409.104470851333,163.134381292517,211.171101428571,115.621862446104,819.573948181818,113.522727272727,213.1,919.0,1266.0,8074.1,2651.3,2014.0
2014-10-01,2.0,,20.0,4.0,0.0,,,,,2.355,44665000.0,3.57,1.336,12.283,5.686,7.404,4.699,4.565,5.443,4.154,5.972,4.294,5.552,6.068,8.103,1.414,2.001,3.295,0.501,0.723,1.266,4.487,5.568,4.884,3.766,0.582,0.669,2.677,1.695,4.328,0.616,3.433,3.12,4.174,5.759,4.605,4.308,4.639,3.486,1.62,1.549,1.951,1.459,2.605,378.821263326174,163.378089285714,210.724928333333,104.861481091841,837.267998695652,113.894927536232,197.4,924.2,1269.8,8128.7,2666.2,2014.0
2014-11-01,1.0,,0.0,6.0,0.0,,,,,2.311,36544000.0,3.6,1.235,10.694,5.776,7.473,4.679,4.593,5.526,4.201,6.043,4.26,5.623,6.157,8.277,1.42,1.921,3.641,0.515,0.717,1.245,4.87,5.419,4.863,3.858,0.592,0.641,2.846,1.948,4.247,0.612,3.331,3.076,4.1,5.574,4.522,4.389,4.479,3.527,1.629,1.533,2.032,1.464,2.646,423.252733209158,178.708535084034,215.987918235294,107.446477841394,826.530475,113.9375,191.4,926.3,1279.0,8149.1,2655.8,2014.0
2014-12-01,1.0,,0.0,8.0,1.0,,,,,2.388,42991000.0,3.79,1.349,14.42,5.854,7.541,4.757,4.598,5.682,4.156,6.078,4.217,5.661,6.261,8.147,1.466,1.994,3.498,0.511,0.7,1.164,4.713,5.438,5.041,3.82,0.585,0.636,3.563,2.189,4.27,0.614,3.217,3.019,4.056,5.531,4.534,4.261,4.346,3.482,1.609,1.541,2.21,1.476,2.651,418.086637859182,178.712946088435,234.858836666667,109.843016091197,809.406214782609,113.768115942029,192.9,929.7,1279.2,8182.2,2634.7,2014.0
2015-01-01,1.0,,0.0,7.0,1.0,,,,,2.349,43868000.0,3.82,1.295,12.912,5.838,7.53,4.734,4.675,5.624,4.235,6.032,4.375,5.62,6.052,8.08,1.479,1.948,3.428,0.545,0.692,1.264,4.944,5.401,5.089,3.758,0.583,0.668,2.454,2.089,4.263,0.644,3.211,2.991,3.988,5.589,4.484,4.167,4.405,3.438,1.584,1.546,2.113,1.452,2.732,379.0407670566,174.794871428571,213.0214075,110.17747907565,774.332090909091,114.090909090909,185.6,933.3,1280.2,8199.5,2587.0,2015.0
2015-02-01,1.0,,21.0,6.0,0.0,,,,,2.103,43774000.0,3.79,1.287,12.37,5.844,7.569,4.684,4.708,5.546,4.238,6.184,4.403,5.657,6.18,8.194,1.435,2.024,3.477,0.525,0.689,1.319,4.598,5.48,4.955,3.496,0.591,0.646,2.09,1.849,4.298,0.659,3.221,2.928,3.962,5.472,4.468,4.138,4.428,3.511,1.581,1.55,2.088,1.484,2.734,374.252094660421,173.758865789474,201.74206877193,103.877903722542,747.448271,113.770833333333,179.0,935.6,1283.8,8228.3,2604.6,2015.0
2015-03-01,1.0,,0.0,6.0,0.0,,,,,2.359,50187000.0,3.81,1.318,12.37,5.872,7.661,4.709,4.677,5.563,4.2,6.099,4.364,5.736,6.209,8.372,1.44,2.042,3.486,0.518,0.67,1.392,4.558,5.384,4.889,3.463,0.593,0.639,1.664,1.819,4.4,0.66,3.176,2.904,3.867,5.367,4.196,4.224,4.314,3.522,1.588,1.545,2.133,1.472,2.678,364.860033104045,174.293821428571,202.691426666667,106.073448808822,743.426433636364,114.272727272727,184.8,937.9,1309.2,8241.2,2625.7,2015.0
2015-04-01,5.0,,25.0,6.0,0.0,,,,,2.291,50193000.0,3.75,1.315,12.335,5.864,7.684,4.702,4.681,5.659,4.231,6.105,4.323,5.644,6.157,8.329,1.454,2.008,3.335,0.509,0.67,1.337,4.543,5.384,4.791,3.397,0.597,0.645,1.852,1.847,4.412,0.663,2.971,2.836,3.813,5.211,4.227,4.141,4.114,3.504,1.609,1.539,2.065,1.51,2.662,349.710887648238,172.151577040816,195.931228253968,106.206743395726,742.288576818182,114.973484848485,175.8,934.8,1315.9,8275.8,2617.4,2015.0
2015-05-01,6.0,,0.0,8.0,2.0,,,,,2.339,48315000.0,3.64,1.32,12.044,5.915,7.773,4.59,4.653,5.7,4.136,6.195,4.308,5.653,6.185,8.816,1.463,2.041,3.212,0.52,0.676,1.335,4.417,5.312,4.696,3.387,0.582,0.646,2.087,1.74,4.427,0.66,3.045,2.804,3.786,4.94,4.273,4.132,4.164,3.408,1.552,1.483,1.962,1.486,2.709,340.4708943197,166.350389464286,193.216571166667,105.821373732943,763.780086190476,115.968253968254,168.3,936.2,1319.6,8306.5,2649.4,2015.0
2015-06-01,5.0,,33.0,18.0,33.0,,,,,2.258,47212000.0,3.59,1.307,12.021,5.927,7.917,4.696,4.676,5.704,4.221,6.111,4.324,5.638,6.183,8.842,1.467,1.957,3.286,0.519,0.691,1.36,4.265,5.256,4.62,3.366,0.574,0.647,1.735,1.708,4.442,0.646,3.02,2.784,3.824,5.059,4.326,3.965,4.105,3.388,1.622,1.515,2.57,1.486,2.68,353.902056581455,166.813860714286,199.835441666667,100.642119326724,811.746834863636,116.003787878788,173.4,940.2,1317.8,8333.4,2656.7,2015.0
2015-07-01,2.0,3909.0,30.0,9.0,13.0,2938.0,304.0,,,2.333,42790000.0,3.8,1.306,12.016,5.905,7.962,4.738,4.637,5.677,4.2,6.184,4.266,5.685,6.243,8.837,1.447,1.963,3.305,0.515,0.673,1.325,4.352,5.376,4.466,3.43,0.581,0.668,1.798,1.777,4.48,0.656,3.031,2.833,3.917,5.184,4.47,4.062,4.098,3.378,1.591,1.487,2.57,1.483,2.658,394.642480497864,179.608530357143,199.21748,104.870272561268,796.461028695652,115.923913043478,172.9,945.0,1324.7,8363.7,2676.5,2015.0
2015-08-01,2.0,5397.0,0.0,12.0,8.0,2373.0,274.0,,,2.332,47131000.0,3.68,1.305,12.009,5.871,7.91,4.7,4.618,5.639,4.159,6.116,4.222,5.688,6.147,8.697,1.42,1.956,3.233,0.524,0.669,1.351,4.346,5.336,4.597,3.389,0.58,0.661,2.283,1.737,4.411,0.654,3.103,2.841,3.863,5.41,4.396,4.042,4.121,3.406,1.612,1.428,2.943,1.484,2.739,370.408094768857,162.74069914966,173.517591587302,96.1825719272869,754.408904285714,115.440476190476,162.5,944.9,1330.9,8392.8,2672.5,2015.0
2015-09-01,1.0,5008.0,25.0,9.0,6.0,2149.0,294.0,,,2.247,49391000.0,3.68,1.309,11.965,5.785,7.89,4.684,4.604,5.513,4.126,6.139,4.195,5.601,6.184,8.864,1.432,2.008,3.366,0.517,0.662,1.282,4.439,5.382,4.791,3.392,0.58,0.65,2.385,1.775,4.504,0.656,3.124,2.819,3.88,5.734,4.357,4.107,4.131,3.377,1.595,1.415,2.966,1.469,2.732,342.955294048381,166.077623979592,164.06922015873,92.4998354455521,767.198350909091,114.998106060606,161.9,949.9,1325.1,8410.2,2651.1,2015.0
2015-10-01,1.0,5436.0,0.0,6.0,3.0,1838.0,267.0,,,2.32,50194000.0,3.67,1.34,12.416,5.762,7.836,4.648,4.572,5.546,4.083,6.097,4.119,5.523,6.209,8.802,1.418,1.978,3.391,0.511,0.69,1.297,4.331,5.478,4.626,3.338,0.577,0.655,2.523,1.844,4.355,0.662,3.155,2.803,3.875,5.899,4.355,4.106,4.232,3.356,1.61,1.43,2.808,1.482,2.753,338.214162437773,171.448573214286,165.451481904762,94.5517323005532,805.175656818182,114.306818181818,160.2,943.1,1317.5,8440.2,2637.2,2015.0
2015-11-01,1.0,5095.0,0.0,6.0,2.0,1585.0,252.0,,,2.261,45848000.0,3.59,1.345,12.389,5.718,7.788,4.541,4.551,5.649,4.113,6.047,4.082,5.445,6.081,8.724,1.409,2.028,3.413,0.496,0.732,1.266,4.333,5.433,4.684,3.299,0.575,0.633,3.0125,1.977,4.49,0.641,3.015,2.778,3.797,5.847,4.153,4.104,4.122,3.35,1.605,1.484,2.664,1.514,2.715,320.3426897991,166.09242406015,157.804378947368,93.7633316248625,778.372963333333,113.349206349206,158.1,950.2,1332.1,8441.7,2649.4,2015.0
2015-12-01,1.0,6143.0,20.0,6.0,1.0,1455.0,343.0,,,2.334,46679000.0,3.65,1.347,12.179,5.482,7.509,4.505,4.485,5.414,4.06,5.885,4.025,5.279,5.932,8.287,1.428,1.949,3.316,0.501,0.711,1.292,4.345,5.328,4.725,3.31,0.58,0.637,3.502,1.932,4.413,0.642,2.901,2.716,3.807,5.734,4.223,4.089,4.034,3.282,1.573,1.437,2.751,1.511,2.733,303.862133613409,164.004401785714,163.893455,88.6691412086164,810.667671739131,113.061594202899,146.8,953.3,1332.8,8474.6,2644.6,2015.0
2016-01-01,1.0,6420.0,0.0,5.0,1.0,2376.0,332.0,2590488.0,-0.9519011080435054,2.321,47775000.0,3.66,1.356,12.18,5.421,7.468,4.437,4.396,5.177,3.978,5.7,4.019,5.225,5.856,8.144,1.425,1.943,3.33,0.522,0.709,1.265,4.374,5.411,4.913,3.313,0.581,0.659,2.92,2.528,4.444,0.662,2.937,2.695,3.656,5.656,4.143,3.714,4.121,3.251,1.579,1.429,2.328,1.466,2.731,297.177327537526,161.098876879699,164.611626666667,83.0452303945099,777.903425238095,112.543650793651,155.6,953.5,1329.7,8518.0,2630.2,2016.0
2016-02-01,1.0,6363.0,0.0,4.0,1.0,1954.0,539.0,2602205.0,-0.8908971863047214,2.189,54289000.0,3.58,1.353,12.233,5.526,7.502,4.539,4.379,5.346,3.964,5.611,3.945,5.295,6.002,8.275,1.407,1.947,3.289,0.522,0.707,1.309,4.436,5.369,4.851,3.23,0.573,0.659,3.149,2.316,4.421,0.648,2.928,2.697,3.658,5.394,4.169,3.841,4.137,3.302,1.485,1.478,2.267,1.485,2.752,291.36843701575,159.716845357143,159.283795,87.0626871415057,778.936146666667,112.107142857143,154.3,961.8,1353.1,8570.5,2631.0,2016.0
2016-03-01,1.0,4614.0,20.0,6.0,1.0,1857.0,438.0,2809621.0,-0.7504415382330925,2.351,57055000.0,3.56,1.363,12.211,5.662,7.686,4.503,4.371,5.321,3.955,5.678,3.929,5.47,5.968,8.514,1.416,1.909,3.4,0.512,0.711,1.341,4.462,5.364,4.85,3.187,0.586,0.652,2.031,1.941,4.622,0.632,2.95,2.657,3.693,5.494,4.146,3.901,4.07,3.271,1.509,1.463,2.081,1.488,2.758,296.181027985091,159.226532142857,164.060471666667,91.5872797556011,767.374764782609,111.561594202899,152.4,954.9,1333.2,8566.4,2637.4,2016.0
2016-04-01,1.0,4339.0,0.0,6.0,1.0,1470.0,310.0,2704718.0,-0.7589817015917723,2.273,51266000.0,3.56,1.365,12.375,5.576,7.756,4.53,4.327,5.194,3.815,5.638,3.933,5.406,6.026,8.502,1.406,1.915,3.42,0.521,0.703,1.294,4.434,5.399,4.915,3.155,0.574,0.652,2.152,1.862,4.544,0.655,2.882,2.688,3.707,5.613,4.13,4.028,3.965,3.251,1.565,1.496,1.793,1.468,2.747,327.701405158571,164.465401870748,163.386837777778,100.820156654182,805.604525238095,111.559523809524,149.4,964.8,1339.2,8612.3,2660.0,2016.0
2016-05-01,1.0,5192.0,23.0,7.0,1.0,1945.0,245.0,2929766.0,-0.817653928291113,2.36,57306000.0,3.68,1.351,12.031,5.687,7.759,4.451,4.298,5.381,3.717,5.742,3.902,5.534,6.07,8.678,1.382,1.962,3.423,0.525,0.747,1.32,4.325,5.365,4.801,3.157,0.57,0.679,2.252,1.695,4.462,0.651,2.909,2.668,3.72,5.552,4.15,3.968,4.003,3.25,1.528,1.489,1.684,1.396,2.796,407.498245799619,169.002119897959,157.560342063492,104.321289651854,798.869667272727,111.981060606061,149.3,968.2,1340.2,8640.2,2672.3,2016.0
2016-06-01,1.0,5276.0,0.0,6.0,0.0,1310.0,270.0,2914122.0,-0.8447905799782085,2.285,57562000.0,3.82,1.35,12.511,5.601,7.681,4.517,4.263,5.323,3.725,5.786,3.84,5.443,6.134,8.69,1.333,1.977,3.32,0.529,0.734,1.292,4.31,5.269,4.71,3.115,0.569,0.688,1.924,1.709,4.477,0.641,3.076,2.69,3.752,5.374,4.289,3.94,4.039,3.228,1.562,1.408,1.491,1.408,2.772,443.414745459409,179.912739285714,156.695036666667,114.837895796035,788.774355909091,111.859848484848,158.7,973.3,1358.2,8671.5,2701.5,2016.0
2016-07-01,1.0,5851.0,27.0,5.0,0.0,1287.0,179.0,2736872.0,-0.910671513835988,2.376,41609000.0,3.6,1.347,12.393,5.504,7.546,4.521,4.234,5.211,3.69,5.865,3.807,5.274,5.76,8.521,1.349,1.966,3.217,0.543,0.74,1.32,4.373,5.184,4.691,3.062,0.567,0.699,1.942,1.635,4.444,0.646,3.072,2.693,3.832,5.454,4.292,3.986,3.959,3.21,1.547,1.445,1.546,1.404,2.768,403.2805927635,161.823044821429,133.710203,107.387148003168,764.353752380953,111.452380952381,162.6,969.4,1365.6,8714.7,2676.4,2016.0
2016-08-01,1.0,5605.0,0.0,4.0,0.0,1453.0,26.0,3153040.0,-0.7545616749432013,2.386,43258000.0,3.21,1.346,12.4,5.451,7.569,4.508,4.25,5.124,3.657,5.844,3.912,5.133,5.758,8.544,1.341,1.992,3.219,0.546,0.729,1.292,4.273,5.272,4.71,3.141,0.562,0.711,2.169,1.685,4.427,0.653,3.098,2.767,3.76,5.448,4.197,3.926,4.062,3.218,1.57,1.426,1.455,1.364,2.774,364.481630980435,150.21541242236,127.899911014493,98.578196285799,818.879502608696,111.02652173913,143.8,972.3,1363.4,8742.5,2682.2,2016.0
2016-09-01,1.0,5056.0,0.0,5.0,1.0,1707.0,34.0,2879696.0,-0.8098193173467492,2.303,44892000.0,3.22,1.347,12.53,5.315,7.51,4.503,4.22,5.163,3.665,5.764,3.791,5.016,6.067,8.585,1.329,1.974,3.3,0.547,0.721,1.289,4.396,5.023,4.695,3.229,0.575,0.702,2.021,1.786,4.44,0.653,3.135,2.694,3.662,5.481,4.031,3.89,4.126,3.244,1.548,1.487,1.471,1.37,2.81,342.246665349095,148.51190170068,123.248756190476,95.5036906496031,848.637222272727,110.377575757576,139.7,973.5,1369.9,8781.9,2694.8,2016.0
2016-10-01,1.0,6063.0,25.0,5.0,0.0,2448.0,15.0,2941456.0,-0.7802155858912972,2.389,43344000.0,3.29,1.355,12.498,5.277,7.413,4.497,4.158,5.129,3.679,5.693,3.742,4.82,5.807,8.323,1.343,2.004,3.47,0.523,0.697,1.292,4.484,5.352,4.712,3.292,0.57,0.691,2.216,1.994,4.507,0.63,3.105,2.665,3.632,5.375,3.945,3.92,4.054,3.305,1.509,1.502,1.39,1.35,2.55,337.123542308333,152.617444047619,122.558500166667,96.6964269126536,900.38905,110.130158730159,143.3,980.7,1375.5,8790.1,2701.5,2016.0
2016-11-01,1.0,5949.0,26.0,5.0,0.0,2411.0,19.0,2797016.0,-0.6794867518296259,2.327,41648000.0,3.24,1.354,12.294,5.301,7.217,4.451,4.091,5.187,3.597,5.672,3.703,4.987,5.758,7.943,1.362,2.024,3.366,0.507,0.703,1.302,4.322,4.914,4.615,3.28,0.573,0.697,3.165,1.984,4.391,0.618,3.037,2.663,3.512,5.106,3.812,3.703,3.931,3.263,1.51,1.478,1.321,1.384,2.53,345.700574120429,151.331415714286,122.549797719298,97.8845204426408,896.353904545454,109.852272727273,169.7,979.6,1357.7,8834.7,2700.7,2016.0
2016-12-01,1.0,5938.0,18.0,5.0,1.0,1845.0,16.0,2677180.0,-0.7134239781216202,2.412,45731000.0,3.32,1.358,12.355,5.159,7.121,4.517,4.043,5.104,3.559,5.542,3.619,4.884,5.556,7.91,1.362,1.96,3.409,0.503,0.693,1.287,4.214,4.895,4.682,3.29,0.576,0.686,3.282,1.972,4.353,0.614,2.906,2.579,3.462,5.102,3.751,3.633,3.93,3.2,1.432,1.463,1.383,1.364,2.571,345.83705075881,152.729924659864,122.846325555556,95.9879821106264,917.339713636363,112.714333051168,176.1,983.2,1392.1,8883.2,2730.6,2016.0
2017-01-01,1.0,6056.0,31.0,4.0,1.0,2758.0,10.0,2749746.0,-0.8010985680634626,2.401,45367000.0,3.4,1.363,12.391,5.138,7.094,4.447,4.057,4.962,3.553,5.543,3.621,4.934,5.733,7.79,1.351,1.975,3.397,0.53,0.7,1.31,4.322,4.933,4.834,3.318,0.573,0.696,2.612,2.048,4.39,0.632,2.822,2.55,3.354,5.18,3.727,3.639,3.724,3.218,1.462,1.418,1.599,1.35,2.608,364.70520847005,160.012106964286,137.145735833333,100.064598313533,917.373227272727,114.824815943062,169.0,989.6,1384.9,8927.3,2751.5,2017.0
2017-02-01,1.0,5388.0,22.0,5.0,1.0,1783.0,14.0,2460125.0,-0.8926743018274531,2.16,48127000.0,3.44,1.355,12.363,5.208,7.154,4.472,4.029,5.186,3.557,5.563,3.549,5.088,5.754,7.848,1.358,1.986,3.39,0.526,0.695,1.29,4.293,4.967,4.87,3.3,0.573,0.703,2.367,1.93,4.334,0.637,2.863,2.627,3.45,5.334,3.814,3.625,3.781,3.195,1.484,1.473,1.464,1.357,2.653,371.374481977474,162.962535912698,147.361442105263,103.903969612878,872.3303565,114.497944743935,171.6,992.7,1390.3,8940.4,2757.7,2017.0
2017-03-01,3.0,4760.0,24.0,5.0,1.0,2612.0,22.0,2906964.0,-0.839642441274408,2.395,55919000.0,3.49,1.362,12.531,5.264,7.176,4.406,4.067,5.141,3.594,5.612,3.59,5.152,5.728,7.856,1.329,1.929,3.346,0.531,0.692,1.265,4.271,4.799,4.751,3.315,0.571,0.689,2.318,1.943,4.365,0.631,2.994,2.633,3.443,5.745,3.822,3.699,3.871,3.291,1.48,1.462,1.404,1.371,2.661,356.885268257174,158.979119254658,146.43149942029,102.567309299263,839.915257391304,124.663877140087,176.3,999.2,1380.1,8989.7,2770.2,2017.0
2017-04-01,1.0,5412.0,34.0,6.0,0.0,1411.0,10.0,2513405.0,-0.8756194764838615,2.313,52762000.0,3.43,1.372,12.52,5.315,7.277,4.497,4.078,5.126,3.547,5.707,3.675,5.124,5.577,8.081,1.328,2.014,3.404,0.516,0.686,1.271,4.352,4.794,4.659,3.259,0.571,0.698,2.204,1.902,4.369,0.628,2.859,2.592,3.441,5.775,3.802,3.639,3.768,3.289,1.492,1.444,1.409,1.354,2.645,342.633164978842,156.540452067669,138.407590701754,103.346480762933,823.0287205,130.696221820632,172.6,1003.3,1390.8,8999.7,2778.6,2017.0
2017-05-01,1.0,5787.0,24.0,7.0,0.0,1456.0,11.0,2495079.0,-0.7995766306654875,2.388,53506000.0,3.45,1.388,12.403,5.354,7.315,4.567,4.078,5.145,3.559,5.613,3.645,5.202,5.758,8.082,1.327,1.974,3.506,0.517,0.726,1.272,4.393,4.748,4.631,3.242,0.564,0.706,2.06,1.867,4.439,0.647,2.864,2.554,3.425,5.699,3.832,3.746,3.78,3.208,1.454,1.499,1.414,1.36,2.579,341.035077290182,158.600219642857,146.440213333333,104.451106087156,833.627775652174,144.707870779754,168.3,1001.2,1388.8,9027.2,2755.8,2017.0
2017-06-01,1.0,5584.0,25.0,7.0,1.0,1265.0,6.0,2377996.0,-0.8548413443321157,2.32,49722000.0,3.43,1.382,12.385,5.498,7.525,4.716,4.16,5.342,3.679,5.759,3.768,5.29,5.838,8.349,1.335,2.032,3.575,0.507,0.752,1.281,4.306,4.797,4.629,3.213,0.572,0.733,1.952,1.873,4.428,0.659,3.093,2.6,3.42,5.665,3.875,3.625,3.921,3.215,1.436,1.497,1.332,1.35,2.582,330.382741630818,157.973907142857,157.246191666667,105.872747634662,830.437526363636,147.412309817112,174.4,1007.7,1403.5,9050.2,2771.4,2017.0
2017-07-01,1.0,5830.0,23.0,6.0,0.0,1282.0,9.0,2111418.0,-0.9798885544837868,2.404,41862000.0,3.49,1.382,12.511,5.453,7.606,4.733,4.212,5.228,3.754,5.741,3.866,5.326,5.939,8.359,1.327,1.967,3.467,0.512,0.764,1.294,4.282,4.851,4.606,3.219,0.565,0.752,2.036,1.952,4.391,0.659,3.155,2.614,3.417,5.819,3.821,3.793,4.02,3.189,1.418,1.496,1.333,1.354,2.827,357.2370493448,157.610645892857,174.532416666667,110.811972644303,866.075945714286,138.827647868753,177.4,1007.4,1412.6,9087.6,2763.0,2017.0
2017-08-01,1.0,5589.0,24.0,4.0,0.0,4082.0,9.0,2051280.0,-1.0328365220796567,2.388,45861000.0,3.27,1.384,12.712,5.349,7.479,4.782,4.207,5.189,3.732,5.888,3.785,5.182,5.838,8.251,1.348,2.025,3.568,0.512,0.753,1.305,4.241,4.862,4.688,3.168,0.561,0.75,1.979,1.846,4.37,0.658,3.142,2.593,3.482,6.241,3.917,3.76,3.956,3.194,1.453,1.489,1.367,1.349,2.868,329.59108169,148.543430357143,139.050815072464,103.238037225517,874.811255652174,124.842773510329,187.1,1013.7,1403.5,9102.4,2788.8,2017.0
2017-09-01,1.0,6318.0,16.0,5.0,1.0,2149.0,9.0,2170173.0,-0.8777169933180483,2.284,42725000.0,3.27,1.398,12.827,5.329,7.363,4.672,4.207,5.098,3.707,5.772,3.801,5.168,5.882,8.084,1.349,1.986,3.494,0.505,0.741,1.299,4.203,5.01,4.648,3.209,0.544,0.745,2.256,1.828,4.389,0.67,3.108,2.635,3.481,6.366,3.809,3.896,3.938,3.185,1.439,1.48,1.422,1.344,2.619,336.4364349251,147.315857857143,138.413392333333,99.2839465787475,890.773185238095,119.487157384395,174.4,1022.7,1437.3,9137.1,2842.9,2017.0
2017-10-01,1.0,7114.0,18.0,4.0,0.0,1388.0,5.0,2321780.0,-0.817002943260993,2.361,51495000.0,3.26,1.418,13.235,5.156,7.388,4.549,4.1,5.124,3.688,5.369,3.703,4.916,5.778,8.039,1.328,2.009,3.511,0.5,0.723,1.259,4.089,5.028,4.683,3.158,0.548,0.748,2.335,1.813,4.48,0.664,3.224,2.654,3.378,6.066,3.812,3.708,3.95,3.141,1.436,1.484,1.54,1.362,2.619,347.418461876273,148.722376785714,133.344516031746,93.775983331018,898.620280454545,114.255175035085,182.7,1022.8,1447.1,9174.6,2825.8,2017.0
2017-11-01,1.0,5999.0,18.0,5.0,0.0,1134.0,7.0,2286132.0,-0.8209646520654775,2.31,48363000.0,3.15,1.421,13.059,5.163,7.352,4.622,4.102,5.09,3.638,5.43,3.775,4.934,5.798,7.906,1.295,2.024,3.639,0.469,0.712,1.242,4.091,5.006,4.567,3.15,0.551,0.733,2.863,1.933,4.521,0.64,2.972,2.623,3.366,5.708,3.802,3.87,3.851,3.13,1.437,1.451,1.506,1.371,2.573,349.905104402857,148.792165892857,138.045955666667,98.2727392784261,938.896672727273,115.694557372302,191.7,1025.9,1467.0,9216.7,2856.9,2017.0
2017-12-01,1.0,6980.0,25.0,6.0,1.0,1080.0,11.0,2046970.0,-0.8162688038609706,2.383,46697000.0,3.23,1.421,12.925,5.207,7.364,4.653,4.128,5.12,3.708,5.516,3.729,5.02,5.832,7.927,1.316,1.97,3.601,0.462,0.711,1.235,4.13,4.95,4.758,3.155,0.558,0.731,3.089,2.237,4.431,0.646,2.914,2.596,3.302,5.629,3.664,3.809,3.869,3.192,1.461,1.47,1.815,1.368,2.615,355.7599521894,149.0874275,147.1032695,94.3266602163686,877.510107142857,117.419604205318,170.3,1039.2,1485.0,9288.0,2893.0,2017.0
2018-01-01,1.0,8236.0,23.0,5.0,1.0,2313.0,9.0,2253413.0,-0.9899095585284734,2.353,51900000.0,3.29,1.412,12.74,5.109,7.415,4.431,4.068,4.792,3.641,5.247,3.668,4.925,5.608,8.205,1.281,2.033,3.681,0.471,0.682,1.218,4.015,5.021,4.786,2.961,0.568,0.73,2.872,2.336,4.386,0.623,2.86,2.621,3.224,5.654,3.694,3.814,3.742,3.073,1.327,1.509,1.769,1.327,2.521,359.300996045238,155.916875340136,156.388044126984,100.249663493563,842.578376956522,126.696630994109,176.2,1041.6,1478.2,9318.2,2906.9,2018.0
2018-02-01,1.0,3663.0,20.0,5.0,1.0,1182.0,7.0,2117805.0,-0.8812160916085521,2.123,50148000.0,3.38,1.414,12.553,5.184,7.392,4.483,4.07,4.996,3.642,5.333,3.659,4.99,5.619,8.297,1.265,2.011,3.725,0.47,0.691,1.176,4.064,5.082,4.67,2.923,0.574,0.736,2.492,2.026,4.344,0.622,2.888,2.631,3.186,5.533,3.718,3.718,3.882,3.119,1.402,1.478,1.755,1.316,2.538,397.394830531947,163.460969736842,172.289119122807,106.774269622297,822.213361,122.390007810586,187.9,1041.5,1490.7,9341.2,2906.9,2018.0
2018-03-01,1.0,3488.0,30.0,7.0,1.0,1162.0,15.0,2324611.0,-0.8632968883096505,2.356,58147000.0,3.51,1.418,12.6,5.259,7.507,4.524,4.099,5.026,3.657,5.367,3.728,5.107,5.512,8.339,1.309,2.039,3.579,0.468,0.682,1.187,4.105,5.064,4.825,2.903,0.582,0.727,2.227,1.868,4.446,0.612,3.008,2.642,3.207,5.527,3.696,3.702,3.955,3.142,1.394,1.502,1.831,1.306,2.513,413.534712497238,172.076589965986,180.918815873016,108.987846992471,795.606224090909,135.775010581185,185.0,1042.6,1481.1,9412.1,2900.0,2018.0
2018-04-01,1.0,3490.0,29.0,9.0,1.0,972.0,12.0,2146122.0,-0.8051062840361349,2.278,58986000.0,3.58,1.419,12.673,5.378,7.703,4.451,4.155,5.168,3.73,5.523,3.775,5.192,5.785,8.551,1.281,2.016,3.328,0.472,0.685,1.176,4.034,5.03,4.709,2.924,0.578,0.728,2.475,1.802,4.448,0.617,2.935,2.614,3.293,5.421,3.73,4.004,3.986,3.238,1.45,1.511,2.081,1.308,2.481,419.739150442095,175.600982482993,180.376409365079,112.208269943126,791.391853809524,146.528627145541,176.8,1037.6,1478.4,9451.0,2909.1,2018.0
2018-05-01,1.0,2903.0,22.0,7.0,1.0,1263.0,12.0,2303375.0,-0.819373063274962,2.363,59756000.0,3.68,1.404,12.417,5.369,7.64,4.579,4.079,5.234,3.685,5.426,3.688,5.179,5.649,8.247,1.293,1.966,3.4,0.469,0.698,1.143,4.025,5.131,4.588,2.919,0.575,0.739,2.079,1.675,4.491,0.628,3.135,2.546,3.284,5.452,3.686,3.829,4.122,3.076,1.447,1.523,1.987,1.378,2.481,423.843709200954,179.179058928571,192.70383,117.174179091865,808.139770434782,158.221562276935,183.5,1045.4,1498.8,9466.9,2939.3,2018.0
2018-06-01,1.0,4494.0,0.0,7.0,0.0,1173.0,10.0,2133296.0,-0.8105119521918359,2.291,53019000.0,3.58,1.401,12.382,5.481,7.673,4.8,4.115,5.301,3.729,5.36,3.824,5.205,5.8,8.509,1.279,1.896,3.49,0.469,0.689,1.201,3.956,5.234,4.656,2.877,0.575,0.744,1.938,1.706,4.441,0.629,3.13,2.516,3.272,5.247,3.665,3.811,4.234,3.094,1.427,1.514,1.628,1.358,2.469,381.341973143762,165.140285544218,193.07921984127,103.489650842792,818.629262380952,159.947553120734,190.8,1036.1,1487.2,9526.3,2916.9,2018.0
2018-07-01,1.0,6631.0,16.0,7.0,0.0,911.0,13.0,2114256.0,-0.9628018257013624,2.366,50806000.0,3.47,1.39,12.328,5.508,7.725,4.764,4.149,5.458,3.745,5.36,3.786,5.163,5.694,8.552,1.293,1.899,3.481,0.468,0.69,1.204,3.958,5.065,4.75,2.839,0.575,0.765,2.007,1.887,4.407,0.63,3.174,2.553,3.262,5.418,3.79,3.558,4.21,3.116,1.431,1.519,1.725,1.342,2.504,365.132747785286,156.55426547619,196.806077460317,99.0122985496339,842.596240909091,146.972855082311,182.9,1041.6,1492.6,9555.9,2926.3,2018.0
2018-08-01,1.0,6701.0,0.0,5.0,0.0,852.0,13.0,2185864.0,-1.0990297047418236,2.382,53207000.0,3.36,1.387,12.289,5.506,7.724,4.789,4.155,5.399,3.792,5.381,3.738,5.152,5.807,8.561,1.302,1.936,3.351,0.464,0.705,1.227,3.946,5.118,4.662,2.871,0.569,0.768,2.004,1.737,4.446,0.628,3.194,2.605,3.338,5.577,3.83,3.843,4.184,2.939,1.439,1.511,1.622,1.355,2.44,356.137613629522,162.522258540373,211.29205884058,98.8701601352608,852.796696956522,116.528184694715,183.5,1041.0,1497.0,9587.9,2929.1,2018.0
2018-09-01,1.0,6604.0,19.0,4.0,1.0,781.0,10.0,1920450.0,-0.9197545053372403,2.312,49610000.0,3.4,1.4,12.595,5.386,7.678,4.745,4.12,5.332,3.743,5.404,3.701,4.995,5.839,8.544,1.288,1.951,3.451,0.467,0.693,1.2,4.04,5.128,4.754,2.89,0.573,0.75,2.147,1.826,4.432,0.629,3.219,2.596,3.289,5.501,3.699,3.799,4.165,2.896,1.426,1.487,1.651,1.335,2.493,340.173270266,154.945003383459,191.144421754386,95.4333201086106,841.173709,111.770330494977,176.1,1045.5,1485.2,9595.5,2937.1,2018.0
2018-10-01,1.0,8015.0,15.0,4.0,0.0,795.0,15.0,1977411.0,-0.839227562156023,2.388,54960000.0,3.42,1.425,12.793,5.203,7.595,4.78,4.091,5.173,3.714,5.252,3.692,4.875,5.791,8.331,1.277,1.91,3.456,0.453,0.685,1.138,3.994,5.158,4.864,2.913,0.574,0.746,2.216,1.901,4.473,0.602,3.077,2.573,3.367,5.37,3.786,3.889,4.018,3.047,1.46,1.444,1.66,1.351,2.478,344.179932244957,160.365565062112,188.461606666667,102.799517044737,870.23825826087,112.25805695535,186.6,1050.2,1483.9,9641.1,2958.0,2018.0
2018-11-01,1.0,8409.0,14.0,5.0,0.0,676.0,29.0,1917660.0,-0.8274660982323071,2.323,47043000.0,3.41,1.446,12.085,5.17,7.572,4.835,4.166,5.222,3.781,5.245,3.745,4.806,5.681,8.375,1.274,1.945,3.527,0.433,0.711,1.196,3.969,5.229,4.786,2.877,0.566,0.725,2.502,2.057,4.59,0.602,3.01,2.614,3.306,5.392,3.734,3.736,3.863,3.052,1.385,1.501,1.596,1.364,2.475,338.756012867429,160.878207678571,181.552390877193,105.397999338289,850.794377727273,116.626030273329,192.6,1061.2,1519.6,9667.1,2976.3,2018.0
2018-12-01,1.0,8701.0,0.0,5.0,0.0,793.0,12.0,1697323.0,-0.7601726874224259,2.405,46370000.0,3.54,1.444,12.054,5.202,7.579,4.73,4.139,5.122,3.725,5.262,3.709,4.791,5.687,8.311,1.29,1.924,3.527,0.437,0.712,1.161,3.944,5.36,4.812,2.853,0.577,0.718,3.166,2.175,4.447,0.573,2.902,2.601,3.361,5.502,3.74,3.947,3.884,3.112,1.404,1.466,1.595,1.368,2.434,340.21185116185,167.489880555556,188.535836296296,101.919686752465,819.409514285714,121.933132343846,198.8,1048.3,1473.3,9679.7,2898.7,2018.0
2019-01-01,1.0,8780.0,14.0,4.0,1.0,881.0,9.0,1755903.0,-0.8678365395690844,2.398,55850000.0,3.56,1.45,12.008,5.283,7.598,4.778,4.173,5.139,3.801,5.253,3.727,5.011,5.601,8.348,1.274,1.94,3.466,0.439,0.73,1.217,3.922,5.372,4.912,2.913,0.576,0.749,3.279,2.227,4.432,0.595,2.918,2.615,3.199,5.518,3.666,3.576,3.974,3.063,1.381,1.473,1.554,1.343,2.407,344.729490347333,166.846241496599,188.84494968254,102.459223487593,839.940769565217,133.153269925317,198.4,1068.1,1469.9,9685.3,2929.4,2019.0
2019-02-01,1.0,7403.0,0.0,4.0,0.0,707.0,12.0,1644121.0,-0.8145552718777199,2.153,52182000.0,3.6,1.451,12.196,5.319,7.597,4.797,4.169,5.145,3.758,5.208,3.847,4.968,5.722,8.529,1.282,1.951,3.516,0.443,0.762,1.206,3.863,5.247,4.981,2.9,0.571,0.751,2.872,2.068,4.503,0.592,2.878,2.558,3.298,5.502,3.716,3.852,4.002,3.062,1.417,1.486,1.557,1.342,2.427,338.044068946158,169.656283458647,177.916701754386,106.881864838995,818.466435789474,121.030234623867,197.3,1055.5,1472.8,9708.2,2936.4,2019.0
2019-03-01,1.0,7521.0,20.0,4.0,0.0,833.0,14.0,1787757.0,-0.8331084521321314,2.385,55658000.0,3.61,1.443,11.989,5.439,7.74,4.875,4.138,5.467,3.725,5.186,3.831,5.16,5.839,8.575,1.261,1.962,3.311,0.445,0.757,1.237,3.924,5.193,4.791,2.944,0.581,0.755,2.475,2.079,4.587,0.596,3.131,2.582,3.311,5.608,3.762,3.648,4.306,3.048,1.392,1.468,1.544,1.335,2.45,337.616957847095,166.321331972789,164.506644761905,103.896170073376,801.679027619047,125.100733947095,192.3,1069.6,1505.1,9766.9,2976.6,2019.0
2019-04-01,1.0,6795.0,20.0,6.0,1.0,739.0,13.0,1787845.0,-0.7038244431228206,2.317,60668000.0,3.53,1.439,11.875,5.445,7.755,4.931,4.198,5.246,3.775,5.288,3.907,5.26,5.856,8.706,1.285,1.952,3.426,0.434,0.767,1.223,3.928,5.29,4.821,2.98,0.567,0.749,2.504,1.947,4.508,0.591,3.063,2.562,3.354,5.552,3.804,3.779,4.255,3.014,1.435,1.463,1.463,1.339,2.448,337.097296800952,161.653386564626,159.030088730159,100.845793264938,800.198136818182,131.562608084026,195.9,1072.9,1496.6,9791.2,3002.2,2019.0
2019-05-01,1.0,6997.0,23.0,5.0,1.0,666.0,13.0,1873594.0,-0.744953343783064,2.403,60816000.0,3.63,1.442,12.048,5.521,7.798,4.905,4.277,5.476,3.822,5.486,4.023,5.374,5.892,8.662,1.289,1.941,3.352,0.454,0.761,1.197,3.869,5.327,4.85,2.963,0.579,0.772,1.972,1.823,4.407,0.58,3.095,2.651,3.441,5.812,3.833,4.019,4.147,3.092,1.442,1.479,1.362,1.298,2.454,328.859547820636,171.180153571429,158.281695,106.162069313344,814.511911739131,135.679450369155,200.6,1077.3,1525.5,9816.5,3011.3,2019.0
2019-06-01,1.0,6906.0,22.0,5.0,0.0,592.0,11.0,1730807.0,-0.6918665101772575,2.334,51858000.0,3.98,1.433,11.952,5.627,7.679,4.976,4.231,5.517,3.812,5.428,3.951,5.401,5.882,8.133,1.28,1.905,3.504,0.448,0.801,1.192,3.844,5.254,4.633,3.054,0.574,0.743,2.066,1.812,4.452,0.586,3.13,2.718,3.312,5.878,3.69,3.941,4.235,3.051,1.415,1.59,1.203,1.316,2.486,350.18776851735,195.167922321429,174.697763166667,125.373480758058,832.064788,127.206865657927,205.9,1085.6,1531.5,9860.2,3016.9,2019.0
2019-07-01,1.0,7542.0,24.0,4.0,1.0,563.0,14.0,1845537.0,-0.7828870336277555,2.41,50919000.0,4.16,1.437,11.995,5.609,7.716,4.998,4.258,5.479,3.8,5.462,4.001,5.458,5.977,8.284,1.281,1.951,3.468,0.454,0.798,1.198,3.772,5.349,4.674,3.031,0.569,0.78,2.111,1.799,4.377,0.589,3.238,2.722,3.411,5.701,3.83,4.041,4.239,2.975,1.412,1.562,1.243,1.345,2.404,337.743174878045,189.486373214286,163.876753333333,128.139517728594,840.739292608696,119.457758914588,194.9,1097.1,1538.1,9921.7,3036.2,2019.0
2019-08-01,1.0,7305.0,0.0,4.0,0.0,537.0,12.0,1767895.0,-0.9092526041381876,2.413,46246000.0,3.93,1.429,12.148,5.471,7.652,5.0,4.249,5.279,3.819,5.444,4.019,5.305,5.834,8.134,1.275,1.94,3.496,0.45,0.793,1.215,3.873,5.367,4.682,3.045,0.578,0.786,2.01,1.864,4.382,0.589,3.32,2.687,3.379,5.576,3.784,3.982,4.454,2.96,1.414,1.514,1.219,1.329,2.416,323.358012282545,163.628614285714,149.363005,110.276433680156,881.525216818182,108.85458805774,188.0,1097.6,1541.0,9976.8,3040.4,2019.0
2019-09-01,1.0,7427.0,25.0,4.0,0.0,546.0,9.0,1757884.0,-0.7681377453356669,2.331,50386000.0,3.8,1.44,12.096,5.43,7.658,5.018,4.209,5.294,3.851,5.351,3.885,5.222,5.858,8.083,1.296,1.935,3.587,0.449,0.797,1.184,3.875,5.406,4.802,3.102,0.569,0.794,2.153,1.911,4.561,0.596,3.343,2.687,3.335,5.571,3.761,3.841,4.439,2.93,1.425,1.487,1.383,1.324,2.414,322.16701501715,157.374436607143,146.570486333333,103.709782177152,901.676779047619,103.59613423414,186.4,1090.4,1553.5,10017.8,3019.3,2019.0
2019-10-01,1.0,9110.0,19.0,4.0,0.0,522.0,9.0,1657661.0,-0.6878701462559074,2.426,52066000.0,3.85,1.437,12.119,5.277,7.667,4.941,4.262,5.131,3.841,5.463,4.027,4.988,5.774,8.225,1.325,1.948,3.602,0.432,0.773,1.178,3.821,5.277,4.94,3.119,0.573,0.785,2.402,1.779,4.389,0.589,3.431,2.716,3.238,5.653,3.715,3.773,4.464,2.948,1.429,1.538,1.282,1.347,2.369,335.337478475609,167.297794099379,153.22109,112.956558375158,889.842015652174,105.916427133162,194.1,1091.8,1531.8,10051.6,3034.0,2019.0
2019-11-01,1.0,10565.0,23.0,4.0,0.0,546.0,8.0,1663260.0,-0.5509499512582271,2.364,48113000.0,3.68,1.418,12.203,5.376,7.535,5.032,4.241,5.404,3.812,5.475,3.993,5.211,5.793,8.318,1.361,1.943,3.603,0.417,0.721,1.231,3.917,5.309,4.935,3.189,0.573,0.764,2.604,1.903,4.692,0.589,3.18,2.74,3.399,5.505,3.786,3.85,4.253,2.94,1.488,1.43,1.405,1.41,2.264,331.59177671765,166.361785526316,157.528264259259,113.084408346929,901.01172047619,105.427923828194,196.6,1094.7,1557.4,10107.6,3046.0,2019.0
2019-12-01,1.0,10265.0,0.0,4.0,1.0,567.0,7.0,1616091.0,-0.4145218108557706,2.428,45940000.0,3.71,1.422,12.044,5.537,7.709,5.053,4.3,5.646,3.862,5.518,4.066,5.069,5.977,8.481,1.363,1.964,3.584,0.429,0.714,1.189,3.909,5.302,4.74,3.188,0.573,0.78,3.096,1.954,4.532,0.589,3.035,2.761,3.391,5.474,3.805,3.772,4.07,3.113,1.505,1.45,1.535,1.402,2.336,327.995354841238,167.059017321429,165.254640833333,111.431228662094,922.311355,114.513713773362,190.2,1098.2,1560.4,10153.0,3061.4,2019.0
2020-01-01,2.0,10441.0,20.0,3.0,1.0,4107.0,7.0,1527388.0,-0.7352918066905906,2.416,52727000.0,3.79,1.439,12.056,5.515,7.653,5.046,4.343,5.398,3.886,5.63,4.1,5.062,5.963,8.441,1.351,1.961,3.525,0.438,0.716,1.225,3.847,5.204,4.824,3.253,0.57,0.802,2.884,2.221,4.494,0.603,3.11,2.722,3.368,5.505,3.854,3.781,4.194,3.059,1.451,1.409,1.461,1.432,2.321,327.97960753681,171.814135204082,178.241777301587,115.051659790474,940.321453043478,121.709163887794,206.2,1095.8,1540.3,10248.6,3055.4,2020.0
2020-02-01,4.0,7953.0,20.0,3.0,1.0,5655.0,2.0,1417979.0,-0.9559051340133916,2.255,48148000.0,3.78,1.447,12.233,5.532,7.642,5.148,4.298,5.368,3.865,5.521,4.033,5.26,6.091,8.333,1.375,1.986,3.551,0.438,0.734,1.235,3.912,5.381,4.884,3.196,0.574,0.786,2.558,2.197,4.594,0.612,3.13,2.775,3.419,5.497,3.813,3.92,4.226,3.013,1.479,1.362,1.449,1.461,2.319,320.644955163579,168.744598496241,172.231102807018,110.835956674272,890.0421225,108.425523768684,199.7,1101.5,1545.7,10233.9,3054.3,2020.0
2020-03-01,22.0,12681.0,21.0,5.0,3.0,20476.0,7.0,1716133.0,-1.3299420210003292,2.412,56212000.0,3.68,1.472,12.346,5.535,7.676,5.079,4.355,5.382,3.881,5.635,4.108,5.175,6.091,8.265,1.374,1.994,3.633,0.442,0.733,1.238,3.907,5.329,4.918,3.248,0.576,0.809,2.367,2.0816666666666666,4.63,0.621,3.376,2.762,3.415,5.257,3.791,3.907,4.464,2.956,1.538,1.4,1.525,1.488,2.277,341.455959790364,162.179148214286,170.874751666667,101.676812669613,793.10661,108.41024370141,199.1,1316.0,1339.1,9337.0,3134.4,2020.0
2020-04-01,5.0,13037.0,29.0,8.0,3.0,5806.0,4.0,1745696.0,-1.2458952202158442,2.316,61015000.0,3.29,1.502,12.294,5.896,7.951,5.385,4.556,5.786,4.052,5.708,4.343,5.528,6.41,8.6,1.406,2.07,3.826,0.4515,0.7404999999999999,1.265,3.981,5.453,4.941,3.267,0.581,0.832,2.2705,1.9663333333333333,4.88,0.64,3.390285714285714,2.9235,3.673,5.346,4.014,4.148,4.506500000000001,3.158,1.598,1.571,2.019,1.466,2.398,321.817162403762,147.012160204082,179.746517936508,97.9840212618048,759.340121363636,73.857733175915,190.0,1180.0,1170.3,8330.8,2733.4,2020.0
2020-05-01,2.0,8231.0,21.0,4.0,1.0,2434.0,10.0,1560611.0,-1.0496617124411751,2.355,52839000.0,3.2,1.494,12.547,7.068,8.957,5.691,4.931,7.049,4.461,6.101,4.789,6.906,7.301,9.48,1.412,2.075,3.617,0.461,0.748,1.26,4.097,5.558,4.934,3.21,0.589,0.855,2.174,1.851,4.985,0.647,3.4045714285714284,3.085,3.972,5.348,4.409,4.371,4.549,3.348,1.581,1.659,1.64,1.444,2.375,313.98786509695,143.98924375,174.954968833333,98.6406263994656,792.7317,98.1098484848487,202.8,1220.7,1522.9,8775.8,2953.0,2020.0
2020-06-01,1.0,3701.0,18.0,3.0,1.0,1121.0,8.0,1422085.0,-1.0152050857564952,2.301,55658000.0,3.16,1.484,12.176,7.057,9.518,6.071,5.291,7.165,4.737,6.314,5.33,6.546,7.394,10.423,1.474,2.118,3.717,0.468,0.749,1.28,4.222,5.619,5.088,3.198,0.588,0.854,2.02,1.922,5.087,0.626,3.4188571428571426,3.152,4.189,5.772,4.689,4.544,4.608,3.349,1.602,1.747,1.554,1.422,2.36,316.102799660364,148.042380357143,169.722336666667,101.678356890104,848.163830909091,99.1303532445257,202.1,1213.2,1674.0,9264.0,3102.8,2020.0
2020-07-01,1.0,3580.0,27.0,3.0,1.0,1123.0,7.0,1373643.0,-0.9237626145031964,2.444,46261000.0,3.21,1.487,12.405,6.461,8.698,5.672,4.84,6.476,4.264,6.052,4.732,5.884,6.95,9.413,1.485,2.144,3.696,0.461,0.772,1.295,4.189,5.517,4.898,3.255,0.58,0.854,2.02,1.977,5.104,0.627,3.4331428571428573,3.099,3.91,5.776,4.355,4.351,4.574,3.221,1.579,1.712,1.401,1.415,2.339,319.0640086795,152.587619642857,170.574121666667,102.030510426173,891.3357,94.289495061952,194.2,1221.9,1731.0,9421.7,3151.1,2020.0
2020-08-01,1.0,3361.0,31.0,3.0,1.0,1021.0,1.0,1342655.0,-0.9759480976679904,2.448,50153000.0,3.12,1.482,12.409,6.059,8.213,5.448,4.64,5.972,4.177,5.76,4.307,5.668,6.579,8.875,1.495,2.084,3.769,0.459,0.769,1.303,4.285,5.572,4.95,3.406,0.576,0.856,2.214,1.874,5.07,0.629,3.4474285714285715,3.045,3.788,5.559,4.343,4.06,4.631,3.276,1.568,1.609,1.328,1.445,2.339,319.539052363095,149.392999829932,174.182476984127,102.610103648888,924.926660952381,88.758156264221,177.1,1204.1,1752.4,9562.0,3140.5,2020.0
2020-09-01,1.0,3969.0,20.0,3.0,1.0,826.0,2.0,1302739.0,-0.7913015599376491,2.352,50084000.0,3.41,1.485,12.371,6.035,8.133,5.442,4.547,5.849,4.076,5.73,4.165,5.76,6.447,8.795,1.492,2.081,3.659,0.451,0.777,1.256,4.246,5.611,4.944,3.448,0.574,0.798,2.234,1.847,5.024,0.63,3.4617142857142857,2.891,3.799,5.619,4.369,4.066,4.538,3.302,1.557,1.542,1.353,1.424,2.257,355.358920836619,166.602533503401,204.137313809524,102.120478790456,937.547027272728,85.5005332360607,179.1,1207.2,1771.8,9704.6,3199.0,2020.0
2020-10-01,1.0,3952.0,21.0,3.0,1.0,925.0,3.0,871079.0,-0.857853267720611,2.456,50429000.0,3.61,1.492,12.535,5.841,8.154,5.375,4.552,5.749,4.008,5.758,4.212,5.614,6.383,8.931,1.503,2.17,3.848,0.452,0.766,1.22,4.233,5.583,4.925,3.38,0.577,0.802,2.745,1.911,5.039,0.634,3.476,2.989,3.632,5.722,4.138,3.947,4.559,3.29,1.551,1.58,1.408,1.41,2.307,405.214648061955,186.7663875,203.4263,102.371164053246,926.843818181818,90.4781679512598,182.8,1202.6,1775.2,9775.1,3175.7,2020.0
2020-11-01,1.0,3204.0,22.0,3.0,1.0,1297.0,7.0,797729.0,-0.7118606072182377,2.396,47952000.0,3.79,1.509,12.784,5.883,8.081,5.482,4.596,5.96,4.027,5.672,4.33,5.522,6.449,8.876,1.515,2.207,3.767,0.445,0.791,1.262,4.132,5.589,4.846,3.425,0.578,0.756,2.934,1.935,5.085,0.66,3.344,2.974,3.737,5.754,4.289,4.054,4.55,3.412,1.55,1.639,1.45,1.391,2.285,430.23761584955,190.625037593985,210.753936491228,108.051915664124,1047.15214285714,104.339400940479,196.1,1211.2,1771.1,9765.2,3168.7,2020.0
2020-12-01,1.0,4109.0,18.0,3.0,1.0,1038.0,3.0,1397178.0,-0.5724842550988904,2.454,51678000.0,3.97,1.506,12.861,5.868,8.085,5.552,4.555,6.008,3.951,5.715,4.202,5.302,6.339,8.98,1.538,2.203,3.793,0.45,0.789,1.313,4.2,5.54,4.927,3.535,0.572,0.749,3.29,1.893,5.077,0.674,3.261,2.991,3.741,5.831,4.134,4.248,4.469,3.293,1.543,1.621,1.481,1.404,2.333,442.107003405273,199.184417517007,217.312542857143,112.461382943699,1085.85846521739,110.834486166008,212.6,1212.4,1809.4,9808.8,3209.2,2020.0
2021-01-01,1.0,3389.0,20.0,2.0,1.0,4432.0,11.0,1250866.0,-0.8098617833331799,2.427,50982000.0,4.24,1.494,12.885,5.861,8.25,5.632,4.543,5.811,3.965,5.705,4.31,5.475,6.522,9.148,1.546,2.175,3.669,0.446,0.794,1.314,4.193,5.656,5.014,3.468,0.597,0.782,3.044,1.928,4.942,0.682,3.441,3.02,3.694,5.831,4.204,3.943,4.616,3.26,1.6,1.595,1.466,1.433,2.341,488.248489029842,231.754461466165,237.944249824561,125.698533425369,1123.0848952381,110.559989089976,219.3,1251.1,1870.5,9915.3,3295.8,2021.0
2021-02-01,2.0,3217.0,31.0,2.0,1.0,1792.0,6.0,1206989.0,-0.7246917281837915,2.187,52273000.0,4.75,1.498,13.115,6.063,8.281,5.664,4.556,5.991,3.987,5.611,4.252,5.582,6.443,9.079,1.537,2.203,3.8,0.44,0.779,1.324,4.162,5.6,4.937,3.368,0.59,0.762,2.893,1.838,5.046,0.68,3.683,3.001,3.676,5.778,4.137,3.963,4.921,3.239,1.553,1.583,1.597,1.448,2.359,472.647883174105,245.554056578947,240.806388070175,137.84528737861,1249.118,111.565271992159,215.2,1236.6,1808.4,9933.4,3242.6,2021.0
2021-03-01,1.0,3275.0,36.0,3.0,1.0,1119.0,3.0,1380723.0,-0.620538614139778,2.435,62319000.0,4.89,1.498,13.276,6.229,8.383,5.57,4.648,6.088,4.042,5.78,4.377,5.625,6.412,9.134,1.526,2.196,3.964,0.436,0.772,1.341,4.145,5.682,4.949,3.348,0.594,0.786,2.7,1.768,5.043,0.675,3.511,2.997,3.765,5.852,4.253,4.067,4.79,3.291,1.569,1.543,1.625,1.459,2.285,450.351682029435,245.760356832298,229.887549275362,138.981324779512,1282.51047826087,114.720512875148,230.2,1270.3,2073.3,10182.7,3456.3,2021.0
2021-04-01,1.0,3414.0,17.0,3.0,1.0,741.0,4.0,1229065.0,-0.5437138151555405,2.369,59787000.0,5.31,1.49,13.629,6.216,8.656,5.703,4.656,5.949,4.096,5.973,4.29,5.771,6.64,9.344,1.51,2.209,3.939,0.437,0.785,1.251,4.1,5.441,4.978,3.447,0.604,0.774,2.803,1.786,5.092,0.675,3.548,3.176,3.844,6.215,4.328,4.161,4.856,3.406,1.579,1.515,1.62,1.457,2.364,453.360599779182,268.622448809524,239.936143333333,154.252125666342,1345.51538181818,135.293994063398,227.3,1282.4,2099.5,10334.8,3480.6,2021.0
2021-05-01,1.0,3160.0,28.0,3.0,1.0,605.0,3.0,1277477.0,-0.5844295163960963,2.442,57729000.0,5.91,1.506,13.519,6.512,9.12,5.954,4.703,6.381,4.101,5.952,4.495,5.822,6.737,9.892,1.511,2.151,4.019,0.439,0.801,1.336,4.048,5.421,4.685,3.497,0.6,0.764,2.648,1.804,4.929,0.675,3.638,3.217,3.875,6.346,4.362,4.162,4.907,3.371,1.593,1.486,1.625,1.42,2.387,457.013020024524,304.297549659864,278.447005396825,195.835226072675,1583.066,141.775623971716,234.2,1276.2,2026.6,10462.7,3461.2,2021.0
2021-06-01,17.0,2996.0,19.0,3.0,1.0,910.0,1.0,1278168.0,-0.6078999906037648,2.362,54339000.0,6.0,1.532,13.257,6.824,9.747,6.317,4.869,6.635,4.357,6.016,4.565,6.209,7.297,10.78,1.51,2.026,4.068,0.356,0.778,1.073,3.989,5.386,4.886,3.557,0.595,0.769,2.318,1.83,5.02,0.675,3.773,3.381,4.089,6.67,4.541,4.351,4.922,3.353,1.611,1.474,1.642,1.421,2.594,412.26442994,292.523726785714,238.767026666667,187.365401443455,1595.27218181818,143.198067262926,230.1,1287.9,2024.9,10620.6,3538.1,2021.0
2021-07-01,1.0,3266.0,19.0,3.0,1.0,398.0,3.0,1266684.0,-0.760945886595745,2.445,50954000.0,6.12,1.54,13.104,6.749,9.67,6.37,4.846,6.7,4.388,6.081,4.521,6.1,7.183,10.538,1.491,2.1,4.065,0.368,0.782,1.094,3.972,5.392,4.943,3.627,0.594,0.776,2.256,1.827,5.003,0.686,3.711,3.564,4.081,6.857,4.455,4.322,4.667,3.5,1.615,1.435,1.642,1.426,2.612,397.551198502238,278.445755612245,243.628006984127,180.169082854825,1450.59877272727,141.953658584126,259.203,1279.6,1947.8,10770.4,3505.3,2021.0
2021-08-01,1.0,2899.0,20.0,2.0,1.0,440.0,3.0,1056698.0,-0.809997994717391,2.453,49682000.0,6.32,1.534,12.926,6.727,9.652,6.38,4.964,6.8,4.468,6.179,4.636,6.004,7.112,10.599,1.467,2.076,4.065,0.371,0.784,1.089,3.977,5.336,4.918,3.56,0.589,0.797,2.434,1.858,5.111,0.681,3.747,3.474,4.057,7.096,4.469,4.326,4.683,3.536,1.706,1.472,1.709,1.429,2.58,390.969779633182,257.020755357143,274.87603,169.775841552389,1481.32221818182,140.968399846294,278.956,1311.1,1953.9,10875.3,3561.4,2021.0
2021-09-01,1.0,3343.0,25.0,2.0,1.0,635.0,1.0,1285894.0,-0.5752870132156329,2.384,49626000.0,5.47,1.549,13.042,7.133,9.912,6.64,5.051,7.457,4.504,6.146,4.786,6.276,7.282,11.01,1.58,2.102,3.981,0.382,0.798,1.077,4.019,5.387,4.9,3.585,0.597,0.798,2.454,1.828,5.058,0.688,3.831,3.497,4.051,7.22,4.393,4.233,4.847,3.517,1.723,1.504,1.835,1.445,2.544,372.659959302143,235.815603571429,269.733507301587,175.574479097863,1623.43097727273,142.126628945668,326.391,1312.8,1958.2,10940.3,3579.0,2021.0
2021-10-01,1.0,7424.0,16.0,3.0,1.0,427.0,2.0,1348038.0,-0.5856237170582306,2.472,45949000.0,5.02,1.551,12.941,7.127,10.209,6.751,5.237,7.397,4.719,6.371,4.869,6.33,7.304,11.654,1.526,2.175,3.815,0.396,0.788,1.067,3.987,5.396,4.952,3.663,0.6,0.808,2.687,1.892,5.273,0.713,3.921,3.565,4.147,7.317,4.495,4.394,4.964,3.589,1.709,1.523,1.821,1.46,2.631,355.374668141048,239.60245085034,294.036818253968,208.656285859714,1755.89271428571,138.625310673154,360.983,1325.6,2034.1,11026.2,3633.7,2021.0
2021-11-01,1.0,8249.0,16.0,3.0,1.0,1146.0,6.0,1320418.0,-0.4599577639508661,2.394,45798000.0,5.26,1.57,13.348,7.161,10.228,7.011,5.261,7.272,4.716,6.27,4.81,6.426,7.404,11.508,1.547,2.094,3.999,0.386,0.844,1.093,3.948,5.326,4.77,3.671,0.619,0.767,3.079,1.924,5.246,0.687,3.853,3.665,4.072,7.265,4.43,4.356,4.937,3.618,1.733,1.583,1.718,1.474,2.651,388.30228170119,248.767746071429,317.437354813333,224.3597324741,1816.90036363636,143.09294040008,430.609,1331.6,2051.6,11115.4,3681.9,2021.0
2021-12-01,3.0,7986.0,19.0,2.0,2.0,520.0,2.0,1293696.0,-0.4638813199118366,2.469,48109000.0,5.47,1.566,13.194,6.948,9.933,7.011,5.174,6.922,4.604,6.315,4.792,6.234,7.342,11.055,1.532,2.099,4.089,0.388,0.82,1.092,3.894,5.257,4.766,3.743,0.622,0.778,3.0925,1.906,5.15,0.691,3.707,3.494,4.023,7.211,4.409,4.357,4.827,3.725,1.729,1.606,1.788,1.504,2.654,425.196545808682,264.573146768707,324.017900555555,238.510804566249,1813.82706521739,168.45373310037,448.712,1337.3,2034.5,11185.7,3685.3,2021.0
2022-01-01,3.0,9336.0,30.0,3.0,1.0,594.0,1.0,1245441.0,-0.6142075038102762,2.454,49050000.0,5.58,1.58,13.397,6.845,9.825,6.771,5.17,6.83,4.554,6.519,4.765,6.158,7.378,10.826,1.555,2.119,4.223,0.424,0.832,1.116,3.948,5.315,4.993,3.787,0.63,0.792,3.106,1.892,5.258,0.706,3.891,3.451,4.019,7.222,4.374,4.392,4.998,3.726,1.731,1.622,1.929,1.509,2.621,456.7537144116,276.719178214286,326.081669833333,250.918794288316,1829.99882857143,176.227373367872,436.766,1355.0,2102.7,11208.9,3706.2,2022.0
2022-02-01,4.0,8771.0,38.0,3.0,1.0,353.0,2.0,1112851.0,-0.7224432303345742,2.217,51057000.0,6.09,1.618,13.488,6.898,9.753,6.949,5.199,6.83,4.63,6.465,4.627,6.318,7.489,10.584,1.578,2.029,4.15,0.428,0.83,1.148,3.98,5.447,5.048,3.875,0.628,0.802,3.045,1.826,5.363,0.718,4.06,3.479,4.031,7.097,4.449,4.367,5.119,3.815,1.797,1.632,2.005,1.546,2.754,496.510022216368,292.671593045113,347.5032275,249.247019825637,1731.73035,168.602126470228,465.859,1353.7,2068.8,11326.3,3741.0,2022.0
2022-03-01,4.0,8605.0,39.0,4.0,2.0,303.0,0.0,1362820.0,-0.8944016191896447,2.471,59495000.0,6.56,1.626,13.498,6.971,9.786,6.987,5.342,6.989,4.757,6.476,4.87,6.295,7.324,10.658,1.607,2.121,4.147,0.448,0.871,1.182,3.983,5.486,5.059,3.917,0.642,0.825,2.711,1.827,5.487,0.739,4.055,3.519,4.126,7.203,4.446,4.679,5.151,3.87,1.834,1.724,2.046,1.625,2.696,529.200489299522,335.930684161491,387.665013697101,256.266771626368,2164.06373913043,198.372104822987,456.657,1363.1,2082.0,11451.8,3837.7,2022.0
2022-04-01,15.0,8257.0,39.0,9.0,4.0,454.0,2.0,1319465.0,-0.7921668442553965,2.396,49993000.0,7.07,1.619,13.589,6.927,9.701,6.876,5.414,7.012,4.916,6.479,4.945,6.249,7.266,10.656,1.612,2.145,4.174,0.455,0.9,1.217,4.152,5.656,5.129,4.012,0.637,0.849,2.777,1.794,5.601,0.74,3.924,3.578,4.178,7.422,4.575,4.587,4.985,4.096,1.886,1.794,2.52,1.628,2.77,504.995056618381,348.507116964286,406.026886301667,262.955867275532,2290.65980952381,223.986635220125,493.315,1373.4,2107.7,11545.6,3840.5,2022.0
2022-05-01,8.0,8068.0,41.0,6.0,3.0,414.0,3.0,1355035.0,-0.8700618363394895,2.459,57433000.0,7.26,1.63,13.308,6.934,9.69,6.605,5.332,7.031,4.794,6.546,4.894,6.305,7.438,10.447,1.606,2.22,4.505,0.456,0.909,1.291,4.34,5.645,5.352,4.204,0.642,0.875,2.438,1.819,5.619,0.745,3.938,3.609,4.13,7.364,4.512,4.463,5.172,4.31,1.861,1.824,2.863,1.64,2.856,463.937777849227,344.909299603175,444.15656781746,257.364570457882,2208.95704545455,227.963323661758,454.364,1385.2,2056.7,11627.6,3885.6,2022.0
2022-06-01,3.0,7606.0,49.0,9.0,2.0,316.0,5.0,1361413.0,-0.8825304696912097,2.373,56489000.0,7.38,1.66,13.2,6.783,9.83,6.658,5.402,6.705,4.889,6.492,4.997,6.27,7.318,10.721,1.691,2.23,4.567,0.498,0.924,1.316,4.509,5.777,5.536,4.153,0.64,0.891,2.317,1.842,5.766,0.765,4.117,3.683,4.068,7.403,4.418,4.468,5.381,4.568,1.882,1.826,2.707,1.639,2.887,472.771299847091,335.717134013605,397.6523199,259.13460698966,2061.02770454545,222.847557138402,475.248,1398.5,2072.0,11724.9,3950.7,2022.0
2022-07-01,1.0,7862.0,44.0,4.0,1.0,283.0,3.0,1352893.0,-0.9278758136696756,2.455,49798000.0,7.25,1.669,13.337,6.742,9.709,6.805,5.426,6.911,4.893,6.58,5.075,6.121,7.131,10.57,1.715,2.316,4.654,0.533,0.929,1.349,4.54,5.855,5.621,4.156,0.64,0.945,2.208,1.842,5.894,0.791,4.083,3.645,4.174,7.415,4.459,4.62,5.285,4.608,1.835,1.88,2.936,1.673,2.889,510.753320937762,312.682041964286,321.97512765873,240.298062026603,1884.61623809524,197.102681123907,336.027,1399.7,2067.8,11779.8,3896.4,2022.0
2022-08-01,1.0,7729.0,35.0,5.0,1.0,462.0,7.0,1298423.0,-0.8210160880301353,2.455,55709000.0,7.24,1.681,13.422,6.827,9.535,6.781,5.456,6.975,4.937,6.512,5.12,6.162,7.201,10.312,1.756,2.298,4.676,0.549,0.925,1.368,4.601,5.995,5.638,4.194,0.643,0.994,2.558,1.89,5.941,0.821,4.213,3.633,4.248,7.372,4.597,4.559,5.346,4.706,1.993,1.879,3.116,1.677,2.751,527.110890468391,293.930790333851,323.016768768116,212.400765428984,1664.3292826087,175.722068111698,299.579,1411.9,2091.7,11923.6,3882.2,2022.0
2022-09-01,1.0,6963.0,30.0,3.0,1.0,409.0,25.0,1214389.0,-0.7324678117777746,2.371,52643000.0,7.09,1.655,13.518,6.832,9.592,6.773,5.332,6.98,4.862,6.624,4.89,6.249,7.184,10.543,1.749,2.362,4.796,0.556,0.939,1.357,4.679,6.084,5.701,4.181,0.643,1.019,2.782,1.901,6.058,0.837,4.339,3.714,4.187,7.383,4.487,4.595,5.504,4.746,1.975,1.891,2.902,1.677,2.777,484.075001280546,312.546127891156,346.322181071428,180.587514721541,1376.40195454545,168.178794087511,282.722,1421.9,2090.7,12006.4,3890.1,2022.0
2022-10-01,2.0,7386.0,38.0,5.0,3.0,473.0,22.0,1197320.0,-0.71299580658813,2.449,51011000.0,6.49,1.691,13.624,6.69,9.712,6.609,5.298,6.73,4.836,6.68,4.789,6.084,7.173,10.496,1.814,2.386,4.869,0.534,0.963,1.349,4.578,5.96,5.745,4.184,0.634,0.991,3.108,1.974,6.402,0.846,4.437,3.642,4.273,7.608,4.492,4.578,5.65,4.67,2.013,1.863,3.419,1.675,2.744,453.569609456143,343.553283333333,353.712907166667,175.428493569635,1381.27185714286,166.383775531402,273.044,1429.4,2108.7,12070.8,3916.7,2022.0
2022-11-01,2.0,8516.0,33.0,5.0,7.0,323.0,4.0,1147190.0,-0.5649450361071151,2.375,46565000.0,6.49,1.719,13.701,6.667,9.541,6.505,5.206,6.782,4.853,6.227,4.728,6.049,7.159,10.268,1.847,2.419,4.942,0.524,0.963,1.428,4.84,5.933,5.724,4.218,0.631,0.945,3.631,2.107,6.253,0.846,4.278,3.692,4.163,7.243,4.488,4.572,5.521,4.42,2.024,1.843,3.589,1.664,2.672,454.853730553636,320.929682857143,344.329860728333,178.61640322843,1350.83268181818,168.696773089208,277.288,1430.4,2052.6,12129.0,3912.4,2022.0
2022-12-01,2.0,7765.0,34.0,18.0,17.0,241.0,11.0,1116131.0,-0.5675143193734608,2.438,48438000.0,6.58,1.736,13.658,6.724,9.46,6.587,5.186,6.857,4.8,6.386,4.758,6.217,7.061,10.169,1.873,2.419,4.974,0.522,0.971,1.434,4.663,5.995,5.561,4.211,0.628,0.948,3.856,2.228,6.283,0.844,4.048,3.64,4.314,6.956,4.555,4.674,5.368,4.348,1.945,1.83,4.25,1.7,2.718,500.208830454182,302.235405102041,323.654838134921,179.310375120273,1215.65729545455,168.41472287938,266.478,1427.4,2035.0,12226.5,3873.1,2022.0
2023-01-01,5.0,10913.0,100.0,86.0,100.0,398.0,14.0,1129229.0,-0.6386275341376385,2.408,50776000.0,6.63,1.739,13.36,6.765,9.582,6.596,5.171,6.862,4.791,6.393,4.644,6.222,7.272,10.313,1.888,2.451,5.058,0.54,0.97,1.475,4.724,5.946,5.809,4.204,0.639,0.953,3.467,2.11,6.238,0.86,4.298,3.608,4.14,6.808,4.283,4.573,5.484,4.315,1.869,1.855,4.823,1.703,2.823,534.926626213227,302.839988392857,320.097045125,182.428093849177,1184.52965909091,164.757402051469,260.145,1438.0,2172.1,12361.7,3941.4,2023.0
2023-02-01,6.0,6758.0,78.0,24.0,17.0,460.0,2.0,1056876.0,-0.622612608154385,2.167,52233000.0,6.8,1.741,13.213,6.817,9.68,6.519,5.207,6.819,4.778,6.427,4.777,6.237,7.218,10.286,1.896,2.5,5.177,0.55,0.959,1.486,4.628,5.85,5.722,4.163,0.641,0.978,3.169,1.99,6.171,0.876,4.37,3.588,4.256,6.595,4.494,4.611,5.668,4.365,1.843,1.894,4.211,1.697,2.982,543.25759446385,298.245303383459,332.412023436842,182.166047816846,1157.30044,163.863022484999,259.499,1445.5,2147.3,12420.1,3964.7,2023.0
2023-03-01,4.0,5564.0,58.0,10.0,4.0,360.0,3.0,1361058.0,-0.5906503104705312,2.413,58764000.0,6.67,1.745,13.249,6.765,9.81,6.477,5.194,6.727,4.813,6.354,4.753,6.221,7.179,10.284,1.936,2.533,5.234,0.546,0.982,1.465,4.773,5.922,5.92,4.098,0.632,0.968,2.649,1.932,6.526,0.88,4.34,3.525,4.165,6.613,4.321,4.617,5.679,4.324,1.858,1.868,3.446,1.687,2.893,523.952528932348,284.957404968944,309.429599855072,182.891648767901,1018.16141304348,170.972661966726,264.823,1424.8,2119.6,12482.5,3909.3,2023.0
2023-04-01,2.0,4542.0,36.0,7.0,3.0,798.0,3.0,1712423.0,-0.6074676222314351,2.346,55737000.0,6.7,1.746,13.302,6.803,9.957,6.564,5.247,6.76,4.79,6.579,4.747,6.164,7.345,10.607,1.989,2.553,5.193,0.542,0.98,1.461,4.759,5.94,5.95,4.042,0.635,0.98,2.894,1.874,6.623,0.893,4.21,3.582,4.099,6.549,4.489,4.505,5.564,4.405,1.935,1.873,3.27,1.659,3.01,496.83926519975,291.179744924812,312.81082437193,185.827098806252,995.41132,179.655340256389,238.567,1433.2,2143.5,12541.4,3953.7,2023.0
2023-05-01,2.0,4560.0,38.0,6.0,1.0,247.0,3.0,1920498.0,-0.5216450622512995,2.422,59081000.0,6.54,1.754,13.406,7.064,10.223,6.473,5.355,7.042,4.96,6.697,4.953,6.393,7.511,10.753,1.951,2.502,5.153,0.544,0.997,1.458,4.765,5.841,5.807,4.042,0.628,1.008,2.668,1.798,6.454,0.899,4.396,3.598,4.189,6.339,4.474,4.51,5.813,4.236,1.919,1.92,2.666,1.695,3.175,459.055148720565,268.172526360544,299.44000625,180.370436404109,896.09582173913,182.072961228226,246.858,1437.6,2147.0,12591.0,3938.4,2023.0
2023-06-01,1.0,4516.0,32.0,4.0,1.0,210.0,0.0,1790951.0,-0.5218632119807978,2.347,58377000.0,6.49,1.738,13.345,7.02,10.359,6.507,5.435,7.011,5.028,6.681,5.106,6.367,7.43,11.164,1.937,2.564,5.111,0.551,1.003,1.466,4.698,5.681,5.812,3.985,0.625,1.026,2.499,1.911,6.283,0.918,4.444,3.458,4.241,6.224,4.521,4.562,5.898,4.193,1.998,1.953,2.219,1.707,3.27,448.360114836545,266.93523962585,282.27674528254,175.476243855891,952.7645,174.092978990449,259.744,1433.7,2138.7,12660.3,3943.1,2023.0
2023-07-01,1.0,4284.0,26.0,3.0,1.0,243.0,4.0,1787197.0,-0.6202756784516028,2.44,50918000.0,6.22,1.731,13.423,7.203,10.633,6.769,5.537,7.299,5.102,6.851,5.253,6.625,7.664,11.507,1.98,2.58,5.091,0.564,1.006,1.42,4.782,5.911,5.845,3.971,0.631,1.051,2.421,1.896,6.476,0.932,4.531,3.556,4.238,6.236,4.473,4.448,5.889,4.141,2.025,1.891,2.094,1.721,3.336,479.668141995762,235.271947278912,278.617600992064,172.928722364228,1094.23945238095,154.109227466074,263.332,1444.8,2144.5,12740.9,3965.1,2023.0
2023-08-01,1.0,4043.0,28.0,3.0,1.0,267.0,0.0,1807006.0,-0.6799889441757845,2.446,52791000.0,5.73,1.734,13.629,7.285,10.75,6.818,5.554,7.298,5.076,6.947,5.259,6.656,7.646,11.432,1.97,2.535,5.056,0.566,0.997,1.404,4.73,5.897,5.904,3.927,0.631,1.094,2.609,1.877,6.463,0.95,4.569,3.63,4.359,6.502,4.556,4.63,5.895,4.179,2.031,1.958,2.043,1.702,3.415,470.198078267304,207.675888664596,241.413877753623,159.443732784091,1034.2192,147.544729835376,277.683,1446.3,2132.2,12766.4,4012.9,2023.0
2023-09-01,1.0,3877.0,50.0,3.0,2.0,252.0,8.0,1761409.0,-0.5910778917392387,2.369,51149000.0,5.21,1.742,13.678,7.251,10.771,6.831,5.57,7.177,5.109,6.884,5.185,6.613,7.774,11.626,1.972,2.537,5.113,0.565,0.981,1.41,4.767,5.846,5.959,3.965,0.625,1.047,2.628,1.844,6.562,0.971,4.563,3.627,4.327,7.083,4.558,4.552,5.882,4.229,1.899,1.901,2.065,1.715,3.427,439.439028282238,223.847666428571,229.390711,148.20030291778,1025.83661904762,155.945918609839,284.479,1451.6,2148.4,12835.9,4040.6,2023.0
2023-10-01,1.0,4346.0,37.0,3.0,1.0,308.0,3.0,1755433.0,-0.6438249845441902,2.461,51173000.0,4.93,1.754,13.509,7.321,10.834,6.787,5.666,7.305,5.226,6.991,5.349,6.795,7.987,11.697,2.002,2.67,5.129,0.562,0.96,1.4,4.738,5.846,6.041,3.927,0.626,1.006,2.617,1.865,6.682,0.963,4.662,3.743,4.452,7.223,4.767,4.426,5.766,4.222,1.917,1.926,2.072,1.625,3.669,440.779219327318,221.90251875,216.463939126984,142.11693105111,1093.59254545455,155.731924240797,275.717,1455.2,2127.6,12903.9,4038.1,2023.0
2023-11-01,1.0,3442.0,32.0,4.0,1.0,275.0,4.0,1732489.0,-0.5168160228379906,2.387,48468000.0,4.66,1.745,13.327,7.482,10.482,6.999,5.643,7.612,5.353,6.731,5.201,6.846,7.862,11.533,1.976,2.624,5.044,0.541,0.992,1.369,4.748,5.65,6.014,3.997,0.627,0.983,2.965,1.942,6.459,0.958,4.522,3.711,4.343,6.899,4.629,4.278,5.528,4.06,1.851,1.976,2.138,1.574,3.638,498.710689173773,209.040296830357,216.000269047619,143.3029217636,1036.68045454545,159.2253260011,269.702,1457.2,2133.9,12995.1,4022.0,2023.0
2023-12-01,1.0,3265.0,22.0,4.0,1.0,232.0,4.0,1633664.0,-0.4575051124316066,2.464,48753000.0,4.8,1.749,13.319,7.348,10.646,6.905,5.566,7.378,5.21,6.674,5.118,6.885,7.994,11.691,2.024,2.647,5.117,0.538,0.99,1.377,4.956,5.545,6.015,4.008,0.625,0.961,3.574,1.995,6.408,0.956,4.4,3.64,4.256,6.774,4.557,4.327,5.497,4.082,1.856,1.955,2.507,1.592,3.717,454.241494445095,207.397968890977,229.633412587719,147.821097843114,978.854761904762,167.063320281726,266.195,1460.3,2156.5,13087.2,4046.2,2023.0
2024-01-01,1.0,3622.0,33.0,4.0,3.0,225.0,6.0,1679490.0,-0.7183258046674418,2.454,53237000.0,4.74,1.762,13.345,7.268,10.686,6.918,5.475,7.255,5.03,6.778,5.093,6.737,8.106,11.637,2.033,2.631,5.019,0.554,1.0,1.425,4.904,5.724,5.903,3.958,0.617,0.978,3.658,2.146,6.389,0.975,4.412,3.606,4.236,6.614,4.524,4.534,5.532,4.086,1.825,1.987,2.522,1.589,4.111,401.418645181174,198.757928528912,226.078531904762,161.78526465672,932.879430434783,168.758936739501,281.752,1460.3,2113.0,13192.6,4002.8,2024.0
2024-02-01,1.0,3193.0,42.0,7.0,1.0,384.0,5.0,1687297.0,-0.6745959589672301,2.287,54920000.0,4.36,1.772,13.391,7.351,10.53,6.969,5.479,7.513,5.132,6.651,5.213,6.71,7.883,11.716,2.006,2.604,5.248,0.558,1.001,1.432,4.769,5.726,5.885,3.94,0.625,0.971,3.049,2.132,6.41,0.984,4.517,3.564,4.157,6.56,4.377,4.4,5.666,4.105,1.752,1.951,2.996,1.625,4.214,379.720000787619,188.947744464286,219.238068463333,153.537553904899,928.124866666667,167.023675009145,271.645,1461.6,2128.6,13278.5,4005.6,2024.0
2024-03-01,2.0,2833.0,39.0,5.0,1.0,232.0,1.0,1813871.0,-0.540507189632536,2.455,56618000.0,4.36,1.767,13.308,7.395,10.594,7.041,5.522,7.362,5.132,6.734,5.421,6.974,8.031,11.537,1.997,2.585,5.145,0.565,1.014,1.42,4.854,5.689,5.733,3.893,0.629,0.972,2.648,2.044,6.572,0.984,4.475,3.679,4.256,6.609,4.527,4.333,5.572,4.106,1.821,1.991,2.992,1.648,4.259,371.316189324238,190.227211428571,211.841017208333,137.089497430157,993.86589047619,168.418073580685,258.629,1472.7,2140.3,13356.7,4056.2,2024.0
2024-04-01,21.0,2732.0,28.0,5.0,1.0,1526.0,3.0,1688542.0,-0.5235410221294396,2.379,57551000.0,4.39,1.776,13.662,7.47,10.745,7.244,5.561,7.516,5.236,6.809,5.277,6.858,8.11,11.662,1.998,2.625,5.121,0.574,1.025,1.422,4.776,5.51,6.196,3.868,0.626,0.971,2.52,1.962,6.504,1.006,4.487,3.712,4.235,6.637,4.511,4.332,5.594,4.061,1.815,1.953,2.864,1.647,4.278,373.232588554091,190.90005,208.3816845,132.541107904862,1029.08251363636,170.859749331454,250.262,1469.5,2129.3,13417.3,4056.7,2024.0
2024-05-01,15.0,2516.0,35.0,3.0,1.0,674.0,28.0,1711155.0,-0.555486000911083,2.457,58762000.0,4.51,1.775,13.861,7.47,10.734,7.026,5.603,7.531,5.148,6.847,5.331,6.987,8.247,11.558,1.971,2.749,5.124,0.57,1.002,1.377,4.819,5.551,6.0,3.864,0.622,0.964,2.259,1.859,6.629,1.001,4.575,3.764,4.391,6.818,4.634,4.545,5.668,4.118,1.833,2.013,2.699,1.703,4.194,408.157122145783,201.019470535714,227.430770416667,133.885546395097,1091.10963043478,170.87453183721,277.478,1469.4,2151.7,13478.5,4067.2,2024.0
2024-06-01,12.0,2477.0,49.0,3.0,1.0,524.0,2.0,1593943.0,-0.5393604132804366,2.378,56880000.0,4.48,1.772,13.876,7.472,10.635,7.281,5.712,7.649,5.472,6.893,5.364,6.879,7.927,11.465,1.973,2.775,5.017,0.575,1.018,1.435,4.943,5.537,6.137,3.956,0.625,0.993,2.059,1.843,6.566,1.004,4.562,3.645,4.397,6.827,4.589,4.616,5.567,4.046,1.771,2.007,2.715,1.681,4.258,399.65950011015,191.240942946429,205.226054898333,135.990352811461,1094.966965,171.466423367688,242.248,1475.4,2144.5,13538.5,4064.5,2024.0
2024-07-01,7.0,2823.0,29.0,3.0,1.0,504.0,2.0,1604670.0,-0.5140864338841162,2.448,57715000.0,4.23,1.778,13.918,7.638,10.856,7.216,5.799,7.781,5.497,7.169,5.47,7.121,8.059,11.726,1.975,2.693,5.102,0.574,1.039,1.432,4.874,5.599,6.03,3.983,0.613,1.017,2.166,1.945,6.323,1.004,4.71,3.621,4.409,6.883,4.652,4.568,5.727,3.946,1.786,1.988,3.08,1.713,4.248,393.994818141217,177.767708446429,183.225634166667,139.837320746055,1101.71326521739,171.653068570801,230.455,1485.3,2170.9,13599.0,4096.3,2024.0
2024-08-01,3.0,2481.0,23.0,5.0,2.0,292.0,3.0,1513887.0,-0.5285017271732962,2.453,56976000.0,3.84,1.792,13.958,7.63,10.875,7.355,5.867,7.692,5.577,6.918,5.638,7.161,8.226,11.54,1.951,2.674,5.046,0.574,1.085,1.421,4.841,5.763,6.357,4.044,0.612,1.006,2.344,1.996,6.246,1.004,4.691,3.693,4.403,6.785,4.622,4.64,5.633,3.952,1.835,1.988,3.204,1.711,4.273,355.475355451182,169.296742410714,175.510466266667,134.67721365246,1040.51851818182,168.604530253289,234.321,1480.5,2148.8,13675.7,4080.4,2024.0
2024-09-01,4.0,2211.0,35.0,12.0,2.0,361.0,4.0,1556400.0,-0.4974347747915456,2.368,53157000.0,3.98,1.795,13.957,7.582,10.882,7.359,5.917,7.596,5.67,7.223,5.576,7.244,8.148,11.787,1.976,2.748,5.173,0.573,1.078,1.431,4.951,5.731,6.338,4.021,0.617,1.009,2.648,1.936,6.466,1.007,4.595,3.719,4.328,6.955,4.615,4.62,5.63,3.974,1.873,1.979,3.821,1.705,4.227,354.288104135476,183.655827659774,188.505216574074,137.721807075205,1044.6236952381,171.024750252847,238.119,1496.1,2185.6,13745.2,4113.3,2024.0
2024-10-01,3.0,2646.0,40.0,4.0,2.0,317.0,5.0,1634894.0,-0.4781108483274026,2.444,55646000.0,3.99,1.745,13.768,7.368,10.565,7.109,5.887,7.301,5.588,7.22,5.586,7.008,8.154,11.497,1.937,2.833,4.852,0.566,1.056,1.445,5.059,5.844,6.295,4.041,0.619,0.998,2.629,1.98,6.517,1.003,4.66,3.703,4.273,6.869,4.585,4.487,5.67,4.037,1.83,1.987,3.37,1.678,4.247,350.352875580957,189.587905861801,197.371945833333,121.006001895286,1126.30698695652,173.180731278704,240.502,1499.9,2189.2,13840.9,4104.4,2024.0
2024-11-01,11.0,2599.0,35.0,7.0,5.0,501.0,7.0,1605729.0,-0.3941201167424483,2.377,49144000.0,4.07,1.811,13.78,7.598,10.673,7.088,5.874,7.578,5.628,6.977,5.605,7.141,8.159,12.014,1.916,2.724,4.918,0.552,1.061,1.367,4.941,5.676,6.447,4.138,0.622,0.956,3.169,2.03,6.511,1.0,4.56,3.765,4.43,6.843,4.874,4.647,5.63,4.011,1.77,2.076,3.649,1.651,4.306,322.231841420381,201.308270188492,185.734787082456,123.751176685128,1224.94744761905,172.437113088524,238.408,1500.9,2247.6,13890.4,4115.6,2024.0
2024-12-01,46.0,3177.0,45.0,11.0,14.0,1955.0,8.0,1536678.0,-0.3961887545146166,2.448,48377000.0,4.23,1.812,13.985,7.719,10.626,6.945,5.863,7.769,5.605,7.124,5.576,7.486,8.136,11.666,1.912,2.796,4.773,0.548,1.032,1.38,4.983,5.621,6.27,4.101,0.615,0.949,3.505,2.067,6.324,0.992,4.406,3.656,4.308,6.915,4.658,4.58,5.458,4.104,1.781,2.061,4.146,1.655,4.289,319.990952281091,202.829961026786,185.7943505,121.943998569497,1155.70277272727,175.245423139201,236.294,1512.2,2262.0,13968.5,4156.6,2024.0
2025-01-01,59.0,4790.0,48.0,53.0,54.0,1291.0,23.0,1550254.0,-0.6216743607012409,,,,1.813,14.035,7.718,10.905,6.926,5.82,7.694,5.545,7.11,5.495,7.27,8.28,11.965,1.925,2.76,4.895,0.561,1.008,1.366,5.058,5.698,6.459,4.025,0.621,0.973,3.295,2.05,6.474,1.011,4.411,3.704,4.249,7.044,4.53,4.625,5.476,3.969,1.791,2.061,4.953,1.654,4.48,,,,,,,246.669,,,,,2025.0
2025-02-01,76.0,,77.0,100.0,71.0,,,729039.0,-0.560349555954581,,,,,,,,,,,,,,,,,,,,,,,,,,,,,,,,,,,,,,,,,,,,,,,,,,,,,,,,,
